bootstrap_id,unweighted_mae_difference,weighted_mae_difference
1,-1.8172,-1.5194
2,-0.9747,-1.1638
3,-1.235,-1.189
4,-2.2297,-2.3514
5,-0.9806,-1.3377
6,-1.5041,-1.4157
7,-1.5632,-2.1033
8,-0.5299,-0.4583
9,-1.3377,-1.568
10,-1.3071,-1.2961
11,-1.4651,-1.3993
12,-0.797,-0.9489
13,-2.137,-2.4801
14,-1.5239,-1.2657
15,-1.0475,-0.7482
16,-1.0844,-1.0215
17,-1.2071,-1.1676
18,-0.6268,-0.8481
19,0.0251,-0.1617
20,-1.7738,-1.7777
21,-2.0117,-2.0871
22,-2.3388,-2.2611
23,-0.8496,-1.4024
24,-1.6657,-1.5493
25,-2.0867,-1.77
26,-1.9208,-2.2074
27,-1.818,-2.0388
28,-0.6387,-0.5659
29,-1.9786,-1.8555
30,-2.0223,-2.2332
31,-1.3699,-0.9231
32,-1.3983,-1.4873
33,-1.7187,-1.6045
34,-2.4881,-2.464
35,-1.3111,-1.1235
36,-2.2826,-2.3709
37,-1.7601,-1.998
38,-2.0242,-2.3386
39,-1.6315,-1.9206
40,-2.363,-2.5858
41,-1.5713,-1.4454
42,-1.0226,-0.9934
43,-1.7464,-1.4372
44,-1.1859,-1.3018
45,-1.129,-1.2599
46,-1.3964,-1.0251
47,-1.5325,-1.9638
48,-2.3159,-2.3013
49,-1.0525,-1.3833
50,-1.3897,-1.3532
51,-1.6613,-1.3665
52,-0.4127,-0.4235
53,-1.5525,-1.6473
54,-2.1437,-2.3754
55,-1.3166,-1.4699
56,-2.6567,-2.481
57,-1.8271,-1.9395
58,-2.0259,-2.0502
59,-1.086,-1.0401
60,-1.2139,-1.0578
61,-1.0218,-0.8401
62,-1.1152,-1.0274
63,-1.8144,-2.0446
64,-1.6208,-1.7646
65,-0.9738,-0.9885
66,-1.4623,-1.0572
67,-1.8799,-1.8946
68,-0.5758,-0.3857
69,-2.5093,-2.7699
70,-0.7498,-0.6718
71,-1.547,-1.5077
72,-0.7386,-0.466
73,-1.3656,-1.4286
74,-2.1949,-1.6009
75,-0.8984,-0.8622
76,-1.6388,-1.862
77,-1.7491,-1.78
78,-2.3256,-2.137
79,-1.4191,-1.3224
80,-2.1226,-2.2386
81,-2.6692,-2.6286
82,-1.5909,-1.9431
83,-1.9008,-1.5942
84,-1.0975,-0.7265
85,-2.2547,-2.031
86,-1.6445,-1.9433
87,-1.2864,-1.3859
88,-1.5511,-1.7584
89,-2.0255,-2.1361
90,-1.9976,-2.0169
91,-1.862,-1.8433
92,-1.6934,-1.5216
93,-1.9657,-1.944
94,-1.4278,-1.3142
95,-1.3954,-1.2543
96,-1.7803,-1.7395
97,-0.886,-0.876
98,-1.5324,-1.9582
99,-2.1942,-2.2211
100,-2.0961,-1.837
101,-1.9319,-2.1832
102,-1.6351,-1.4372
103,-0.9219,-1.0443
104,-2.1491,-2.034
105,-2.3988,-1.9953
106,-0.9492,-1.088
107,-1.0268,-0.6016
108,-2.0968,-1.8948
109,-2.0218,-2.1161
110,-2.0878,-2.3472
111,-1.7323,-1.8256
112,-2.0289,-1.8104
113,-1.1802,-1.2448
114,-1.9289,-2.1051
115,-2.0384,-1.8471
116,-0.7922,-0.7929
117,-1.9374,-1.9126
118,-1.2301,-0.9725
119,-0.8856,-1.0398
120,-1.2356,-1.3717
121,-1.6134,-1.5604
122,-2.0207,-1.8012
123,-1.2462,-1.0858
124,-1.2015,-1.2436
125,-1.3252,-1.288
126,-3.1115,-3.0448
127,-1.6319,-1.4933
128,-1.5463,-1.5204
129,-1.8142,-2.0657
130,-2.6669,-2.3855
131,-2.1683,-2.0891
132,-1.8392,-1.9984
133,-1.338,-1.429
134,-2.1969,-2.3184
135,-2.2868,-2.2557
136,-1.0551,-0.2924
137,-1.2175,-1.2948
138,-1.5838,-1.9886
139,-2.4288,-2.6943
140,-2.1064,-1.9237
141,-1.9172,-2.3563
142,-1.9231,-1.811
143,-2.2296,-2.2259
144,-1.2199,-0.909
145,-0.9886,-0.6764
146,-1.7944,-1.6694
147,-1.7675,-1.5566
148,-1.2964,-1.3112
149,-1.9531,-2.121
150,-2.3086,-2.3018
151,-1.4624,-1.5053
152,-2.7923,-3.0701
153,-2.2024,-2.2032
154,-1.7034,-1.7747
155,-1.6071,-1.6976
156,-1.8307,-2.125
157,-1.1951,-1.2425
158,-1.481,-1.374
159,-1.2995,-1.1143
160,-1.5779,-1.5741
161,-1.0453,-0.8839
162,-1.6864,-1.4224
163,-2.5079,-1.8669
164,-2.3148,-2.3697
165,-2.0322,-2.4405
166,-1.8788,-1.8143
167,-1.3517,-1.477
168,-1.34,-1.4476
169,-1.4097,-1.9229
170,-2.0541,-2.0512
171,-1.0872,-1.1765
172,-2.4446,-2.259
173,-1.9018,-2.0795
174,-2.3439,-2.1233
175,-2.0282,-1.5077
176,-1.7345,-1.5053
177,-2.1525,-2.2428
178,-1.4586,-1.8863
179,-2.3138,-1.9835
180,-1.2957,-1.4852
181,-1.0439,-1.2377
182,-1.7711,-2.0092
183,-1.6103,-1.7047
184,-1.3387,-1.1799
185,-1.9184,-2.4193
186,-1.4858,-1.3576
187,-2.1908,-1.9502
188,-1.7869,-1.2731
189,-1.3634,-1.5894
190,-2.3734,-2.2831
191,-2.0848,-2.3204
192,-1.9024,-1.7979
193,-1.5936,-1.0281
194,-0.9672,-1.0351
195,-1.6539,-2.0121
196,-1.4689,-1.3366
197,-1.9583,-1.9267
198,-2.2913,-2.0644
199,-2.3365,-2.4375
200,-0.4432,-0.6678
201,-3.2856,-3.0289
202,-2.1754,-2.4186
203,-1.4802,-1.923
204,-1.4171,-1.3523
205,-2.5284,-2.5745
206,-1.9195,-1.7877
207,-0.9641,-0.8694
208,-1.7162,-1.6251
209,-2.1414,-2.4572
210,-1.6677,-1.5835
211,-2.0814,-1.8408
212,-1.1729,-1.4223
213,-1.6069,-1.766
214,-0.9942,-0.9204
215,-0.6948,-0.5336
216,-1.8764,-1.9384
217,-2.3687,-2.3493
218,-2.7189,-2.6939
219,-1.5662,-1.5626
220,-1.064,-1.17
221,-1.721,-1.5937
222,-1.642,-1.8853
223,-1.4193,-1.984
224,-1.0332,-1.1293
225,-2.5497,-2.5438
226,-1.8624,-1.4683
227,-2.2723,-1.8377
228,-1.5253,-1.7153
229,-1.4509,-1.8227
230,-1.3721,-1.2466
231,-1.5432,-1.5631
232,-1.0616,-0.742
233,-1.4616,-1.5235
234,-1.7796,-1.5901
235,-1.4306,-1.1763
236,-1.6519,-1.7023
237,-2.762,-2.3965
238,-1.7997,-1.6341
239,-1.9935,-2.0427
240,-0.5775,-0.3461
241,-2.9776,-3.2171
242,-1.9571,-2.1819
243,-1.5914,-1.611
244,-2.2444,-2.4912
245,-1.7381,-1.4904
246,-1.2323,-1.4855
247,-1.9063,-1.3688
248,-1.9366,-2.0485
249,-1.8436,-1.5255
250,-2.0229,-1.9708
251,-1.8819,-1.521
252,-1.1332,-1.1539
253,-1.9103,-2.0318
254,-2.2089,-2.3804
255,-0.984,-0.4348
256,-1.1186,-1.1613
257,-1.9933,-2.0751
258,-1.9309,-2.0886
259,-1.0033,-1.2503
260,-1.8639,-1.8116
261,-1.4696,-1.4601
262,-1.6209,-1.2883
263,-2.1161,-2.2979
264,-0.821,-0.7417
265,-1.893,-1.8656
266,-1.8033,-2.0602
267,-2.8087,-2.6302
268,-1.7639,-2.1645
269,-2.4055,-2.2155
270,-1.4645,-1.2856
271,-1.7351,-1.4781
272,-1.437,-1.5385
273,-1.0646,-1.2862
274,-1.4432,-1.2574
275,-2.0093,-2.0719
276,-1.6243,-1.4131
277,-2.033,-1.5304
278,-1.715,-1.6031
279,-1.03,-1.2451
280,-1.6447,-2.0303
281,-1.1408,-0.9831
282,-1.3498,-1.3761
283,-2.6357,-2.684
284,-1.9818,-1.8794
285,-1.7488,-1.7729
286,-1.2938,-1.4059
287,-1.0969,-1.3033
288,-1.2185,-1.0052
289,-1.3657,-1.4394
290,-1.5953,-1.191
291,-1.3751,-1.1135
292,-1.873,-1.4847
293,-1.3525,-1.3847
294,-1.5712,-1.9902
295,-1.3635,-1.1664
296,-2.189,-2.7965
297,-1.7317,-1.9074
298,-1.943,-1.7522
299,-1.7429,-1.6223
300,-0.5299,-0.4239
301,-1.901,-2.3566
302,-1.8992,-1.6399
303,-0.9436,-0.718
304,-1.239,-0.5842
305,-2.4755,-2.5809
306,-1.2761,-1.2718
307,-1.21,-0.9785
308,-1.818,-1.7237
309,-1.7982,-1.7253
310,-1.5363,-1.2695
311,-2.9228,-3.1611
312,-2.7339,-2.6296
313,-0.6005,-1.0575
314,-2.0478,-1.8917
315,-1.9607,-2.2423
316,-2.0319,-1.5874
317,-1.4173,-1.1053
318,-1.0885,-0.7563
319,-0.6467,-0.5612
320,-1.5716,-1.9875
321,-1.1248,-1.0839
322,-0.7448,-0.3645
323,-1.6194,-1.2103
324,-1.7267,-1.7545
325,-0.4619,-0.4577
326,-2.0137,-1.8062
327,-1.0901,-0.8226
328,-0.8361,-0.8019
329,-1.1203,-1.0394
330,-2.027,-1.8863
331,-1.2367,-1.2851
332,-0.934,-0.79
333,-2.2154,-2.1892
334,-1.721,-1.5361
335,-2.7528,-2.6778
336,-1.5295,-1.5672
337,-1.0559,-0.9123
338,-1.4807,-1.52
339,-1.6736,-1.969
340,-1.2748,-1.7428
341,-1.9923,-2.2208
342,-1.5993,-1.4171
343,-1.9885,-1.7618
344,-2.567,-2.4606
345,-0.7192,-0.6094
346,-1.9274,-1.9169
347,-1.2318,-1.301
348,-1.4067,-1.4017
349,-0.8406,-0.9868
350,-1.3093,-0.9062
351,-0.9613,-1.0856
352,-2.2588,-2.0171
353,-1.139,-0.9533
354,-1.4335,-1.9962
355,-1.2045,-1.0021
356,-1.3406,-1.176
357,-1.1198,-1.1454
358,-1.7851,-1.5692
359,-0.991,-0.7469
360,-1.7587,-1.7467
361,-0.7137,-0.6673
362,-1.4774,-1.7999
363,-0.986,-0.9269
364,-0.8527,-0.6163
365,-1.9881,-2.2363
366,-1.5406,-1.5574
367,-2.4543,-2.1216
368,-1.3139,-0.9141
369,-2.101,-1.9694
370,-1.4205,-1.4916
371,-2.7696,-2.1846
372,-1.8693,-1.6935
373,-1.895,-1.9726
374,-2.1883,-1.8095
375,-2.2222,-2.1654
376,-0.5241,-0.5227
377,-0.7217,-0.7378
378,-1.6996,-1.5517
379,-1.4587,-0.968
380,-1.6991,-1.9714
381,-1.0091,-1.2728
382,-1.3611,-1.3284
383,-1.1431,-1.1935
384,-0.7926,-1.2175
385,-1.5748,-1.5662
386,-1.8757,-2.154
387,-0.2854,-0.3151
388,-2.5826,-2.348
389,-2.4171,-2.1536
390,-1.4048,-1.4775
391,-1.646,-2.0669
392,-1.118,-1.6553
393,-1.2206,-1.0693
394,-1.5689,-1.5495
395,-0.8595,-0.8638
396,-1.2812,-1.5509
397,-1.7249,-1.6243
398,-2.0243,-1.8881
399,-1.7155,-1.5265
400,-1.3005,-1.1847
401,-1.8275,-1.8872
402,-1.411,-1.7046
403,-1.1457,-1.346
404,-2.0526,-1.9658
405,-0.7382,-1.0908
406,-1.9177,-1.8487
407,-1.9339,-2.0081
408,-2.2332,-2.0895
409,-1.2202,-1.252
410,-1.9777,-1.8176
411,-2.4995,-2.4964
412,-1.4261,-0.8757
413,-2.1887,-2.2167
414,-1.5757,-1.4205
415,-1.4996,-1.7239
416,-1.2388,-1.0496
417,-1.3199,-1.1034
418,-1.9556,-2.5503
419,-1.3509,-1.2728
420,-1.5369,-1.6744
421,-2.1329,-2.1401
422,-1.7195,-1.792
423,-1.6054,-2.0172
424,-2.3432,-2.3105
425,-1.4673,-1.2288
426,-0.8274,-0.6077
427,-1.4371,-1.4975
428,-1.0996,-1.0929
429,-1.5852,-1.6874
430,-2.2712,-2.3699
431,-1.0858,-0.8529
432,-1.3673,-0.855
433,-1.3063,-1.2896
434,-1.2077,-1.1127
435,-2.591,-3.0506
436,-1.7645,-1.7146
437,-1.7927,-2.1854
438,-1.5478,-1.8072
439,-1.1106,-1.3872
440,-0.9036,-1.0032
441,-1.3915,-0.9603
442,-1.5847,-1.8643
443,-1.7138,-1.5275
444,-0.9486,-1.2591
445,-1.9341,-1.7898
446,-2.5589,-2.5806
447,-1.3967,-1.7095
448,-2.4435,-2.2384
449,-2.2389,-1.8905
450,-1.8903,-1.7402
451,-2.2328,-2.2408
452,-0.447,-0.701
453,-2.3455,-2.9475
454,-0.5811,-0.6228
455,-2.7358,-3.0715
456,-2.2256,-1.8522
457,-1.4481,-1.838
458,-2.504,-2.5834
459,-0.5899,-0.9139
460,-1.9952,-2.2163
461,-1.173,-1.1526
462,-1.7957,-2.0011
463,-2.1041,-1.9434
464,-1.9952,-1.6487
465,-1.3408,-1.2356
466,-1.5296,-0.7785
467,-2.2856,-2.0912
468,-1.4044,-1.2077
469,-1.837,-1.9417
470,-2.0217,-2.0508
471,-2.2594,-1.9962
472,-1.2432,-1.0142
473,-1.6235,-1.8715
474,-2.3131,-2.0488
475,-2.5977,-2.453
476,-1.2881,-1.2003
477,-2.2808,-2.6787
478,-0.9884,-1.2719
479,-0.8823,-0.6323
480,-1.4943,-1.5948
481,-1.4545,-1.4958
482,-0.5486,-0.2931
483,-0.8474,-0.8437
484,-1.8616,-1.8122
485,-1.3085,-1.3538
486,-1.5054,-1.6255
487,-2.8766,-2.6189
488,-1.5104,-1.1227
489,-1.0372,-0.9725
490,-1.1646,-1.3964
491,-2.7657,-2.4179
492,-1.4338,-0.9859
493,-0.7337,-0.9868
494,-1.6218,-1.4222
495,-1.1732,-1.4921
496,-1.6306,-1.6864
497,-1.4853,-1.7612
498,-1.126,-1.2647
499,-1.0837,-0.732
500,-1.5231,-1.1428
501,-1.6741,-1.5403
502,-1.5461,-1.3728
503,-2.4908,-2.6915
504,-1.5063,-1.3366
505,-1.4707,-1.0536
506,-0.9934,-0.9533
507,-1.7999,-2.1426
508,-1.658,-1.8685
509,-1.5235,-1.5249
510,-1.7414,-1.8595
511,-1.6939,-1.6304
512,-1.247,-1.1405
513,-1.9682,-2.2812
514,-1.6925,-1.74
515,-2.4462,-2.6986
516,-1.4006,-1.4005
517,-1.6045,-1.0449
518,-1.8334,-1.8588
519,-1.0601,-0.5589
520,-0.1868,-0.4555
521,-0.5615,-0.412
522,-0.7668,-0.9899
523,-1.4858,-1.5939
524,-1.4063,-1.4758
525,-1.1107,-1.2681
526,-1.3844,-1.4067
527,-1.1982,-0.6505
528,-1.5137,-1.3925
529,-2.4104,-2.3432
530,-1.389,-1.6793
531,-1.4614,-1.0375
532,-1.9626,-1.9561
533,-1.3003,-0.9027
534,-1.6435,-1.6195
535,-1.3167,-1.1716
536,-1.4285,-1.3317
537,-1.9926,-1.5352
538,-1.7387,-1.7994
539,-2.1017,-2.2597
540,-2.3935,-2.3918
541,-2.6489,-2.7869
542,-1.3594,-1.2552
543,-1.5417,-1.8168
544,-1.0441,-1.0639
545,-1.9477,-1.8993
546,-1.7746,-1.5831
547,-1.1774,-0.9358
548,-1.2531,-1.5072
549,-1.9589,-1.9984
550,-1.8685,-1.3505
551,-1.4358,-1.8714
552,-1.9409,-2.0321
553,-0.8714,-0.9665
554,-1.8215,-2.0258
555,-1.6897,-1.4598
556,-1.5698,-1.7274
557,-1.5734,-1.4846
558,-1.096,-1.104
559,-1.9152,-1.8562
560,-2.4361,-2.6787
561,-1.6527,-1.6877
562,-1.6529,-2.029
563,-1.172,-1.1698
564,-1.1135,-1.0029
565,-0.8674,-0.4964
566,-1.0288,-0.7764
567,-1.8136,-2.0925
568,-1.4409,-1.7572
569,-1.0732,-0.5281
570,-2.1192,-1.8155
571,-2.2087,-2.1338
572,-2.1141,-1.6764
573,-1.826,-1.6517
574,-1.9683,-1.642
575,-1.2616,-1.0986
576,-1.8611,-1.7556
577,-1.7067,-2.035
578,-2.4243,-2.4388
579,-1.7267,-1.8294
580,-1.4112,-1.2073
581,-2.1037,-2.4968
582,-2.1609,-2.2571
583,-1.8474,-1.8154
584,-1.1014,-0.9726
585,-1.6707,-1.8557
586,-1.9529,-2.4189
587,-0.7222,-0.5754
588,-2.2189,-2.8704
589,-1.9119,-1.8066
590,-2.6996,-2.254
591,-1.5201,-1.166
592,-1.2643,-1.4164
593,-0.7626,-0.9184
594,-1.5513,-1.6572
595,-1.0248,-0.6667
596,-1.9949,-1.8372
597,-2.3956,-2.5927
598,-1.1266,-0.9066
599,-1.8076,-2.1024
600,-1.5205,-1.3076
601,-1.6752,-2.029
602,-0.6983,-0.5576
603,-1.3818,-1.2611
604,-2.0914,-1.8994
605,-1.9474,-1.7891
606,-2.6509,-2.5315
607,-1.0338,-1.0123
608,-1.5569,-1.8537
609,-1.4073,-1.1635
610,-2.4705,-2.4873
611,-1.4139,-1.1791
612,-1.9839,-2.0938
613,-2.6065,-2.8399
614,-1.0071,-0.9944
615,-1.8968,-2.0876
616,-1.56,-1.6641
617,-1.7124,-1.3473
618,-1.637,-1.2807
619,-1.197,-1.5723
620,-1.6297,-1.6563
621,-0.5423,-0.6093
622,-2.6291,-2.9094
623,-1.3253,-1.4509
624,-2.045,-1.7823
625,-0.9752,-1.016
626,-1.2112,-1.059
627,-1.8661,-2.0317
628,-1.848,-2.4503
629,-1.9105,-2.0756
630,-1.932,-1.711
631,-1.6764,-1.7444
632,-2.1868,-2.1811
633,-1.9275,-2.0013
634,-1.2556,-1.3316
635,-1.8348,-1.5602
636,-1.2977,-1.2693
637,-1.8201,-1.4642
638,-1.9395,-1.754
639,-0.8537,-0.6627
640,-1.6477,-2.0126
641,-1.8438,-1.8275
642,-2.3095,-2.5721
643,-2.0085,-2.1817
644,-1.1404,-0.9408
645,-0.9787,-1.5514
646,-2.185,-2.388
647,-1.5151,-1.3969
648,-1.5482,-1.5112
649,-1.7477,-1.8919
650,-2.0911,-2.4665
651,-1.0775,-1.0588
652,-2.2875,-2.2733
653,-1.612,-1.7223
654,-1.7931,-1.9297
655,-1.2464,-0.9618
656,-0.9273,-0.4459
657,-3.3356,-3.3595
658,-0.8902,-0.5781
659,-1.2179,-1.1928
660,-1.7662,-1.0439
661,-1.1001,-1.3266
662,-1.9795,-2.2422
663,-1.3831,-1.3482
664,-1.3317,-1.2936
665,-0.3991,-0.2193
666,-1.6443,-1.6341
667,-1.5755,-1.4788
668,-1.1857,-0.6457
669,-1.7429,-1.6071
670,-1.4368,-1.4996
671,-1.5869,-1.4536
672,-1.989,-1.8829
673,-0.9661,-1.0012
674,-1.5125,-1.3588
675,-0.7661,-1.2423
676,-1.6903,-1.9579
677,-1.6542,-1.6927
678,-1.129,-0.8127
679,-1.5007,-1.4076
680,-1.5318,-1.8011
681,-1.1702,-1.0353
682,-1.3517,-1.4014
683,-1.5927,-1.4264
684,-1.1753,-1.6598
685,-1.5521,-1.3826
686,-1.2327,-1.1638
687,-1.6558,-1.5782
688,-1.378,-1.2432
689,-1.1426,-0.9121
690,-1.1839,-1.0741
691,-2.1894,-1.8239
692,-1.2137,-1.3881
693,-2.309,-2.2342
694,-1.9921,-2.392
695,-0.7274,-0.7301
696,-1.7173,-1.3654
697,-1.8022,-2.22
698,-1.7309,-2.0789
699,-1.0886,-1.0471
700,-1.5832,-1.6755
701,-1.9023,-1.7802
702,-1.7226,-2.0152
703,-0.8593,-0.5781
704,-1.4623,-1.2275
705,-1.83,-1.8986
706,-1.5234,-0.9692
707,-1.6468,-1.2724
708,-1.4775,-1.8391
709,-1.5718,-1.5346
710,-0.853,-0.7254
711,-1.0998,-1.2574
712,-2.9147,-2.5198
713,-1.4519,-1.4554
714,-1.3468,-1.3323
715,-2.0327,-2.2103
716,-0.7241,-0.6876
717,-1.9025,-1.5923
718,-1.4984,-1.6054
719,-0.8606,-0.9722
720,-1.8015,-1.6404
721,-2.3835,-2.4187
722,-1.1737,-1.7245
723,-1.6311,-1.6821
724,-1.2718,-1.258
725,-2.2647,-2.0548
726,-1.117,-0.6013
727,-3.2167,-3.0277
728,-2.4377,-3.0641
729,-1.9582,-1.9358
730,-0.9013,-0.7253
731,-2.8388,-3.0929
732,-1.9865,-2.1388
733,-1.1913,-1.2521
734,-2.1807,-2.1934
735,-1.4619,-1.3529
736,-0.1771,-0.0222
737,-1.5339,-1.116
738,-1.4552,-1.5802
739,-2.0554,-2.2912
740,-0.7203,-0.8013
741,-2.1552,-1.8798
742,-2.1016,-1.6864
743,-1.7258,-1.6729
744,-3.0381,-3.3867
745,-1.5027,-1.2394
746,-1.9087,-1.8534
747,-1.9081,-1.8519
748,-1.5894,-1.8238
749,-1.7701,-2.0054
750,-1.8746,-1.7418
751,-1.5562,-1.4994
752,-1.3512,-1.5471
753,-1.6349,-1.5651
754,-0.9813,-0.6208
755,-1.5698,-1.7111
756,-0.862,-1.0574
757,-1.1265,-1.6473
758,-1.5794,-1.5328
759,-1.6506,-1.9044
760,-2.815,-2.7153
761,-2.1043,-1.9216
762,-1.4121,-1.4699
763,-1.9783,-1.8607
764,-2.6901,-2.6123
765,-1.2161,-0.756
766,-1.571,-1.6965
767,-1.5391,-1.7287
768,-0.8282,-1.0355
769,-1.7513,-1.5541
770,-1.0519,-0.5073
771,-1.3351,-1.3
772,-1.7396,-1.8912
773,-1.9055,-1.5594
774,-1.5437,-1.6841
775,-1.7338,-1.7441
776,-1.3413,-1.2864
777,-1.6677,-1.9983
778,-1.6523,-1.5593
779,-1.2325,-0.9024
780,-1.2602,-1.176
781,-1.4428,-1.2602
782,-1.0561,-1.3375
783,-1.1937,-0.984
784,-1.1653,-0.9187
785,-1.0616,-0.7591
786,-1.2874,-0.8367
787,-1.9413,-2.0968
788,-1.5907,-2.0367
789,-2.4394,-2.327
790,-1.899,-1.8595
791,-0.9819,-0.63
792,-1.5085,-1.4268
793,-0.6929,-0.9761
794,-2.6256,-2.1468
795,-1.8103,-1.7743
796,-0.7058,-0.9407
797,-1.3413,-1.7264
798,-1.4148,-1.3839
799,-1.011,-1.6
800,-2.7169,-2.7184
801,-1.323,-1.1001
802,-1.452,-1.3953
803,-1.7397,-1.6537
804,-1.696,-1.8669
805,-1.4539,-1.5784
806,-1.3307,-1.4896
807,-1.0227,-1.5396
808,-1.0785,-0.985
809,-2.2117,-2.5729
810,-1.2146,-0.886
811,-1.5,-1.3373
812,-1.7333,-2.2839
813,-2.3372,-2.117
814,-1.284,-1.0841
815,-2.3573,-1.8319
816,-1.4479,-1.8923
817,-1.2553,-0.8728
818,-1.5946,-1.728
819,-2.1649,-2.2029
820,-1.8114,-1.6176
821,-1.7367,-1.1205
822,-1.8131,-1.4041
823,-1.0004,-0.9944
824,-2.1019,-1.8532
825,-1.4493,-1.2097
826,-1.8326,-1.6552
827,-1.3654,-1.4479
828,-1.2094,-1.5172
829,-1.8514,-1.8041
830,-1.5484,-1.3833
831,-1.7109,-1.6657
832,-1.4462,-1.3705
833,-2.326,-2.4704
834,-2.7759,-2.363
835,-1.7675,-1.6375
836,-1.8096,-1.9704
837,-1.1805,-0.8534
838,-2.364,-2.665
839,-1.834,-1.4677
840,-2.8416,-2.8556
841,-2.098,-1.9786
842,-1.6733,-1.537
843,-1.6153,-1.5823
844,-1.6517,-1.4618
845,-1.8385,-2.5859
846,-1.2998,-1.2732
847,-2.1479,-2.1088
848,-1.4557,-1.1806
849,-1.2961,-0.9462
850,-2.4716,-2.4661
851,-2.1379,-2.1435
852,-1.0331,-0.8686
853,-0.3958,-0.5837
854,-2.3854,-1.9357
855,-1.4463,-1.4013
856,-0.2686,-0.5778
857,-1.7231,-1.6039
858,-1.4331,-0.6373
859,-0.6641,-0.7938
860,-1.1604,-1.1569
861,-1.6831,-1.6279
862,-0.9474,-0.9881
863,-1.0627,-0.996
864,-2.4089,-2.0909
865,-1.1777,-1.1985
866,-0.9624,-1.2321
867,-0.9324,-1.2504
868,-1.5099,-1.6648
869,-1.6413,-1.7961
870,-2.3179,-2.3751
871,-1.63,-1.703
872,-1.92,-1.6124
873,-2.2752,-2.3233
874,-1.6837,-1.473
875,-2.1015,-1.8905
876,-0.7586,-0.6923
877,-1.6045,-1.1981
878,-1.0388,-1.0532
879,-2.4499,-2.5899
880,-1.3107,-1.2298
881,-2.1628,-2.0446
882,-1.2965,-1.4014
883,-2.3411,-2.1303
884,-1.8188,-2.0153
885,-1.3843,-1.6352
886,-2.1193,-2.1534
887,-1.4574,-1.4469
888,-1.0625,-0.8688
889,-1.6423,-1.2839
890,-1.939,-2.1511
891,-1.3464,-1.2928
892,-1.861,-2.2975
893,-1.6983,-1.5291
894,-1.6385,-1.6115
895,-1.5888,-2.1528
896,-1.252,-1.3384
897,-2.0298,-2.34
898,-1.6194,-1.7863
899,-1.9676,-1.5627
900,-0.975,-0.8625
901,-1.5767,-1.5997
902,-1.897,-1.4761
903,-2.1942,-2.3917
904,-2.0687,-2.6172
905,-0.9198,-1.0535
906,-1.7644,-1.6527
907,-1.5458,-1.5684
908,-1.0393,-1.206
909,-1.1243,-1.1843
910,-2.0117,-1.8303
911,-1.2872,-1.488
912,-1.3908,-1.1427
913,-0.4246,-0.5549
914,-1.2703,-1.3895
915,-2.416,-2.5644
916,-1.6899,-1.5563
917,-1.3526,-1.2366
918,-2.0275,-1.739
919,-1.033,-1.0459
920,-2.0069,-2.1178
921,-1.6827,-1.6545
922,-2.1279,-1.8746
923,-0.9387,-1.0333
924,-1.2854,-1.5773
925,-2.0921,-2.1016
926,-1.8752,-1.8563
927,-1.85,-2.0234
928,-1.7169,-1.8163
929,-1.5902,-1.5445
930,-1.6351,-1.8735
931,-1.8265,-1.7805
932,-1.7051,-1.967
933,-1.8857,-1.969
934,-2.4988,-2.5264
935,-0.9521,-0.9419
936,-2.9522,-2.732
937,-0.5697,-0.8975
938,-1.2259,-1.5702
939,-2.0914,-2.105
940,-1.1041,-1.2313
941,-2.3061,-1.8142
942,-1.1235,-1.3118
943,-1.8041,-1.5626
944,-1.4551,-1.4267
945,-1.4442,-1.6687
946,-2.0145,-1.9854
947,-1.6942,-1.425
948,-1.4245,-1.8051
949,-1.6984,-1.9506
950,-2.114,-2.1451
951,-1.4079,-1.5266
952,-1.8182,-1.9247
953,-2.8668,-2.4726
954,-1.3403,-1.3199
955,-0.6436,-1.1318
956,-2.0896,-2.4941
957,-2.0323,-2.2269
958,-0.9504,-1.054
959,-2.0801,-2.1804
960,-1.8857,-1.7645
961,-1.615,-1.3802
962,-1.7439,-1.4711
963,-1.9996,-2.0231
964,-1.9567,-2.1096
965,-1.4369,-1.2353
966,-2.1401,-2.2451
967,-1.4561,-1.3312
968,-1.6488,-1.711
969,-1.9663,-1.9721
970,-1.5095,-1.0501
971,-1.3717,-1.5488
972,-2.3493,-2.3217
973,-1.8009,-1.5954
974,-1.9792,-1.5898
975,-1.788,-1.7692
976,-0.8003,-0.5494
977,-1.8037,-2.1447
978,-1.8305,-1.844
979,-1.8841,-1.9535
980,-0.4155,-0.5348
981,-1.7206,-1.8012
982,-1.2713,-1.2468
983,-1.4242,-1.771
984,-1.1739,-1.042
985,-1.7659,-1.7002
986,-1.5248,-1.5996
987,-0.849,-0.8007
988,-1.5206,-1.9162
989,-2.4078,-2.3857
990,-1.1451,-1.2409
991,-1.8429,-2.0694
992,-1.0054,-0.9612
993,-1.6027,-1.9632
994,-1.3816,-1.2179
995,-1.9877,-1.9493
996,-1.8255,-1.5309
997,-0.7807,-0.8285
998,-1.6315,-1.389
999,-1.6214,-1.7952
1000,-1.726,-1.8652
1001,-1.803,-1.7385
1002,-2.3822,-2.5569
1003,-1.7182,-1.336
1004,-1.0005,-1.3616
1005,-1.9448,-2.2028
1006,-1.9117,-1.9635
1007,-1.0603,-1.0906
1008,-2.2628,-2.4076
1009,-1.5595,-1.5658
1010,-0.8412,-1.1099
1011,-1.8162,-1.8712
1012,-2.1389,-1.9184
1013,-1.091,-1.5221
1014,-1.301,-1.2232
1015,-1.8815,-1.418
1016,-0.8737,-0.5582
1017,-1.3284,-1.3762
1018,-2.8159,-2.817
1019,-1.9103,-2.0054
1020,-1.368,-1.522
1021,-1.7081,-1.4961
1022,-0.7939,-0.7652
1023,-1.306,-1.3388
1024,-2.2935,-2.4996
1025,-0.7347,-0.8175
1026,-1.8674,-1.616
1027,-1.3779,-1.7957
1028,-1.2812,-1.0608
1029,-0.6024,-0.3182
1030,-1.5308,-1.9112
1031,-1.244,-1.1025
1032,-2.1882,-2.53
1033,-1.4034,-1.7931
1034,-1.9853,-1.9693
1035,-0.9866,-0.8119
1036,-0.7566,-0.793
1037,-1.3387,-1.1571
1038,-1.6375,-2.3258
1039,-1.9151,-2.3195
1040,-2.5893,-2.6427
1041,-2.1137,-2.1812
1042,-1.3618,-1.2634
1043,-1.4679,-1.1057
1044,-1.2629,-1.2565
1045,-1.8458,-1.8024
1046,-1.9208,-2.3106
1047,-2.2716,-1.9123
1048,-1.3152,-1.5716
1049,-1.0149,-0.5311
1050,-0.7467,-0.5677
1051,-1.1348,-1.1063
1052,-0.8142,-0.9955
1053,-1.4996,-2.1196
1054,-1.8729,-2.1861
1055,-0.8737,-0.5661
1056,-1.8277,-1.8307
1057,-1.9973,-2.0257
1058,-0.6806,-0.5386
1059,-2.8481,-2.4992
1060,-0.6121,-0.7266
1061,-1.7832,-1.7865
1062,-1.8422,-1.616
1063,-1.1232,-1.0182
1064,-1.5966,-1.2087
1065,-2.0873,-2.1004
1066,-1.2256,-0.8602
1067,-1.7641,-2.1524
1068,-1.8819,-1.8454
1069,-1.6471,-1.5652
1070,-2.945,-2.7969
1071,-0.9625,-1.2646
1072,-1.8915,-1.8715
1073,-1.4759,-1.6597
1074,-2.336,-2.0556
1075,-0.9416,-0.8312
1076,-1.7455,-1.6124
1077,-1.7919,-1.5182
1078,-1.1292,-1.0732
1079,-2.0843,-2.5668
1080,-2.034,-2.1556
1081,-1.751,-1.8567
1082,-1.5664,-1.1782
1083,-1.47,-1.4022
1084,-1.2633,-0.9926
1085,-2.0606,-2.2102
1086,-1.4207,-1.3277
1087,-1.4104,-1.5171
1088,-2.3813,-2.2413
1089,-0.8231,-1.0183
1090,-1.8921,-1.9616
1091,-1.405,-1.4093
1092,-1.1297,-0.4853
1093,-1.5954,-1.3971
1094,-1.9294,-1.6844
1095,-1.1363,-1.0173
1096,-0.9501,-1.1412
1097,-1.5774,-2.1084
1098,-1.8738,-1.7565
1099,-1.3907,-1.4143
1100,-0.535,-0.2216
1101,-1.4833,-1.5686
1102,-1.2017,-1.043
1103,-1.757,-1.6914
1104,-1.9353,-1.9523
1105,-0.7947,-0.8536
1106,-1.5477,-1.7286
1107,-0.6943,-0.5525
1108,-2.0496,-1.6307
1109,-1.5529,-1.6887
1110,-2.6199,-2.3285
1111,-2.3513,-2.3987
1112,-1.5225,-1.3213
1113,-1.5989,-1.4013
1114,-1.5392,-1.6417
1115,-0.3644,-0.2996
1116,-1.6507,-1.7825
1117,-1.689,-1.7257
1118,-1.4682,-1.4119
1119,-1.767,-2.056
1120,-1.6145,-1.6117
1121,-1.6773,-1.539
1122,-2.2353,-2.2057
1123,-1.3289,-0.8899
1124,-1.9968,-2.0301
1125,-1.3949,-1.4395
1126,-0.8648,-1.5995
1127,-1.942,-1.7652
1128,-2.098,-2.0818
1129,-1.6445,-1.5759
1130,-2.2073,-2.3248
1131,-0.9221,-1.2813
1132,-1.9363,-1.7777
1133,-3.2128,-3.3482
1134,-2.1724,-1.9248
1135,-2.1423,-1.9597
1136,-0.7079,-0.4524
1137,-1.5854,-1.7178
1138,-1.082,-1.1626
1139,-1.4803,-1.4235
1140,-1.5382,-1.254
1141,-1.5409,-1.6262
1142,-1.7948,-2.0043
1143,-1.4786,-1.7377
1144,-1.1055,-1.0459
1145,-1.9205,-1.3357
1146,-2.8715,-2.7244
1147,-2.0725,-1.8489
1148,-1.9804,-1.7709
1149,-1.9816,-2.341
1150,-3.2763,-2.9874
1151,-1.2951,-1.3397
1152,-0.9264,-1.2187
1153,-2.4618,-2.3482
1154,-2.2227,-2.4694
1155,-2.2772,-1.8337
1156,-1.971,-1.9291
1157,-2.1644,-1.9961
1158,-1.5113,-1.4496
1159,-2.2184,-2.433
1160,-1.4375,-1.4985
1161,-0.7249,-0.3061
1162,-2.3436,-2.3899
1163,-1.2261,-0.8319
1164,-1.5715,-1.7676
1165,-1.6986,-2.0005
1166,-1.6319,-1.5889
1167,-1.1193,-1.3092
1168,-1.5777,-1.6001
1169,-1.1567,-1.6445
1170,-1.9543,-2.0719
1171,-1.2986,-0.9613
1172,-1.4415,-1.4769
1173,-1.8248,-1.9891
1174,-0.7894,-1.0118
1175,-1.4145,-1.453
1176,-2.0319,-2.3857
1177,-1.9745,-1.8392
1178,-1.6921,-1.8704
1179,-2.4649,-2.2887
1180,-1.3592,-1.8697
1181,-1.8004,-1.6038
1182,-1.1413,-0.7383
1183,-1.9916,-1.8177
1184,-1.2973,-0.8025
1185,-0.7235,-0.7832
1186,-2.0584,-2.3199
1187,-1.9928,-1.2765
1188,-1.042,-1.0563
1189,-1.4267,-1.4459
1190,-1.5741,-1.3742
1191,-1.7944,-2.2352
1192,-2.1703,-2.5656
1193,-1.3245,-1.4116
1194,-1.693,-1.8171
1195,-2.1134,-1.9044
1196,-1.4853,-1.5404
1197,-1.2999,-1.0925
1198,-1.3701,-1.4168
1199,-1.5441,-1.4504
1200,-1.8256,-1.5515
1201,-1.6431,-1.9195
1202,-2.2868,-1.8617
1203,-2.3918,-2.4906
1204,-1.49,-1.7293
1205,-2.0949,-1.8957
1206,-1.0893,-1.2191
1207,-1.2982,-1.2338
1208,-1.0581,-1.1226
1209,-1.1005,-1.2289
1210,-0.6367,-0.7727
1211,-2.2739,-2.1246
1212,-1.3887,-1.1649
1213,-1.4428,-1.9917
1214,-2.5073,-3.0896
1215,-1.2376,-1.4741
1216,-2.8031,-2.5796
1217,-1.86,-1.3524
1218,-2.879,-2.6393
1219,-1.661,-2.0524
1220,-1.1005,-1.1946
1221,-2.2835,-2.5155
1222,-1.31,-1.6771
1223,-1.88,-2.04
1224,-1.3452,-1.3251
1225,-0.8056,-0.9385
1226,-2.0015,-1.9157
1227,-2.4074,-2.1768
1228,-1.9114,-1.9616
1229,-1.0304,-0.7862
1230,-1.3436,-1.1315
1231,-2.5435,-2.5433
1232,-1.2113,-0.9719
1233,-2.0359,-2.0499
1234,-1.021,-1.1678
1235,-1.002,-0.7965
1236,-1.983,-1.9865
1237,-2.0825,-1.8249
1238,-1.9882,-1.7613
1239,-1.2756,-1.2296
1240,-2.1797,-2.0441
1241,-1.7901,-2.0634
1242,-2.3991,-1.7483
1243,-1.8271,-1.682
1244,-1.6481,-1.4731
1245,-1.9509,-1.8734
1246,-1.6692,-1.8096
1247,-1.0824,-0.9445
1248,-0.9324,-0.92
1249,-1.7536,-2.0779
1250,-1.5692,-1.734
1251,-1.0633,-1.1483
1252,-1.9885,-2.2954
1253,-1.6871,-1.6422
1254,-1.2593,-1.2345
1255,-1.6939,-1.1385
1256,-1.533,-1.4905
1257,-1.3883,-1.2884
1258,-1.2028,-1.1427
1259,-1.7132,-1.7055
1260,-2.1496,-1.7076
1261,-1.2535,-1.3382
1262,-1.4692,-1.5299
1263,-1.1782,-1.089
1264,-1.1315,-1.1004
1265,-1.3421,-1.0532
1266,-1.7661,-2.0554
1267,-1.0926,-1.0456
1268,-2.1616,-2.2852
1269,-1.8325,-2.0043
1270,-1.6591,-1.5346
1271,-1.6662,-2.156
1272,-1.2938,-1.216
1273,-1.9371,-1.8412
1274,-1.9559,-1.9996
1275,-2.0574,-1.5685
1276,-1.4718,-1.0613
1277,-1.3769,-1.238
1278,-0.9827,-0.8529
1279,-0.505,-0.308
1280,-2.2391,-2.1268
1281,-1.8155,-1.6535
1282,-2.1719,-2.4415
1283,-1.5194,-1.7156
1284,-1.2727,-1.2443
1285,-2.0237,-2.3375
1286,-1.5629,-1.2762
1287,-0.4103,-0.6042
1288,-1.937,-1.656
1289,-1.1531,-1.1736
1290,-1.2872,-0.9457
1291,-1.0559,-1.2609
1292,-2.1601,-2.3561
1293,-1.9435,-2.1232
1294,-2.5341,-2.4754
1295,-2.0797,-1.8932
1296,-1.0881,-1.3503
1297,-1.8087,-1.3713
1298,-2.5992,-2.6823
1299,-1.5981,-1.5087
1300,-2.8163,-2.3452
1301,-0.6163,-1.0307
1302,-1.4644,-1.4457
1303,-1.5936,-1.7036
1304,-1.6317,-1.1083
1305,-2.2984,-2.3112
1306,-0.556,-0.4884
1307,-0.9533,-1.3892
1308,-1.8374,-1.2862
1309,-2.0851,-2.4871
1310,-1.3453,-1.4004
1311,-1.7218,-1.5385
1312,-2.4631,-2.3688
1313,-1.7819,-2.0166
1314,-1.3171,-1.7796
1315,-1.6221,-1.879
1316,-1.3711,-1.5657
1317,-1.4394,-1.2273
1318,-1.1579,-1.2252
1319,-1.1514,-0.9374
1320,-1.5203,-1.1881
1321,-0.6055,-0.4568
1322,-1.028,-0.8362
1323,-2.4393,-2.708
1324,-1.8787,-2.0302
1325,-1.0992,-1.1592
1326,-1.5682,-1.8494
1327,-2.2019,-1.9933
1328,-2.1591,-2.3046
1329,-1.4382,-1.4731
1330,-1.9047,-1.2206
1331,-2.7426,-3.0433
1332,-1.6703,-1.3543
1333,-1.4543,-1.891
1334,-2.0945,-2.0079
1335,-1.5422,-1.631
1336,-1.4945,-1.9155
1337,-1.5675,-2.0383
1338,-1.1798,-0.7827
1339,-1.6623,-1.2714
1340,-1.4569,-1.2047
1341,-1.899,-1.652
1342,-1.1288,-1.6415
1343,-1.9308,-2.0352
1344,-1.9188,-1.2588
1345,-1.4393,-1.8102
1346,-2.35,-2.3259
1347,-1.6834,-1.476
1348,-1.2768,-1.8675
1349,-1.1103,-1.3743
1350,-1.6978,-1.5684
1351,-2.0189,-1.4596
1352,-1.0549,-1.1428
1353,-1.4946,-1.6126
1354,-2.7628,-3.1015
1355,-0.9526,-1.2545
1356,-2.1795,-2.2716
1357,-1.921,-1.8346
1358,-2.4457,-2.4377
1359,-2.5359,-2.6113
1360,-1.2036,-1.25
1361,-0.7919,-0.7349
1362,-2.52,-2.4498
1363,-1.6679,-1.1729
1364,-2.2239,-1.9539
1365,-1.5869,-2.0049
1366,-1.52,-1.4961
1367,-1.1494,-1.0595
1368,-1.8595,-2.0088
1369,-1.6955,-1.5438
1370,-1.2604,-1.1828
1371,-1.55,-1.1712
1372,-1.2027,-0.8123
1373,-1.2193,-1.455
1374,-1.4964,-1.8273
1375,-1.3457,-1.0718
1376,-1.2277,-0.83
1377,-2.0456,-1.9644
1378,-1.9362,-1.5553
1379,-1.2212,-1.2182
1380,-1.8477,-2.0567
1381,-1.3642,-1.2133
1382,-1.4337,-1.7387
1383,-1.1665,-1.0017
1384,-0.6225,-1.1031
1385,-1.4351,-1.5794
1386,-1.6729,-2.1557
1387,-1.4239,-1.1498
1388,-1.5202,-1.6151
1389,-0.5067,-0.0587
1390,-1.9104,-1.7018
1391,-2.4368,-2.6415
1392,-0.7816,-0.8583
1393,-1.3224,-1.2938
1394,-1.1668,-1.256
1395,-2.0707,-1.7012
1396,-2.0243,-2.0537
1397,-1.4559,-1.1894
1398,-1.2764,-0.727
1399,-0.8964,-1.0453
1400,-1.1885,-0.7891
1401,-2.0666,-2.1931
1402,-1.1398,-1.0461
1403,-2.4846,-2.5874
1404,-1.7017,-1.7757
1405,-1.9781,-2.1608
1406,-0.9118,-1.0004
1407,-1.5079,-1.5242
1408,-1.1343,-1.241
1409,-2.0893,-2.1022
1410,-2.2282,-2.8699
1411,-2.1493,-1.9078
1412,-1.7104,-1.5209
1413,-1.5109,-1.6703
1414,-1.1499,-1.2728
1415,-2.0767,-2.1186
1416,-1.09,-1.21
1417,-0.0818,-0.57
1418,-1.8693,-1.7983
1419,-1.4864,-1.1694
1420,-1.5819,-1.0748
1421,-1.4667,-1.5582
1422,-1.5281,-0.953
1423,-1.5694,-1.3132
1424,-1.6961,-1.7288
1425,-2.3419,-2.2039
1426,-2.0476,-1.9616
1427,-2.3566,-2.1033
1428,-1.9022,-1.6087
1429,-1.1572,-1.367
1430,-2.3247,-2.3451
1431,-0.4558,-0.1761
1432,-1.0894,-1.4314
1433,-2.8313,-2.9408
1434,-1.5051,-1.5004
1435,-2.3061,-2.387
1436,-0.8402,-0.864
1437,-1.9435,-1.8398
1438,-0.2126,-0.0098
1439,-1.8531,-1.8154
1440,-1.2645,-1.423
1441,-0.2397,-0.578
1442,-1.7599,-1.7003
1443,-2.6325,-2.1106
1444,-1.3152,-1.1765
1445,-1.0474,-1.3576
1446,-1.1859,-1.0493
1447,-0.8858,-0.7325
1448,-0.961,-1.0268
1449,-1.559,-1.3568
1450,-2.3454,-2.4351
1451,-1.7017,-1.8064
1452,-0.8557,-0.7506
1453,-1.2073,-0.7243
1454,-1.8439,-2.0458
1455,-1.41,-1.8839
1456,-1.5493,-1.559
1457,-2.1162,-1.7441
1458,-2.1023,-2.2893
1459,-1.8139,-1.5937
1460,-0.9499,-1.3453
1461,-1.295,-1.0502
1462,-1.5504,-1.74
1463,-2.5082,-2.1945
1464,-1.0102,-1.0504
1465,-1.4855,-1.1719
1466,-2.1874,-1.9384
1467,-1.0849,-0.915
1468,-1.8906,-1.7973
1469,-1.7684,-1.796
1470,-1.6233,-1.7796
1471,-1.0571,-0.5214
1472,-2.2792,-2.1899
1473,-1.2495,-1.0182
1474,-1.2278,-1.0964
1475,-2.6042,-2.661
1476,-1.5856,-1.7596
1477,-1.3807,-1.321
1478,-1.5282,-1.694
1479,-2.0762,-1.9913
1480,-2.0289,-1.8327
1481,-1.1303,-1.1923
1482,-2.1706,-2.0845
1483,-1.1448,-1.3446
1484,-1.6466,-1.5432
1485,-1.5654,-1.7212
1486,-0.8323,-0.7026
1487,-1.4442,-1.7705
1488,-1.624,-1.5402
1489,-1.0129,-0.7547
1490,-1.6971,-1.5662
1491,-2.0779,-1.8783
1492,-1.5438,-1.3138
1493,-2.4073,-2.2179
1494,-2.943,-2.7381
1495,-1.7384,-1.73
1496,-1.2671,-1.7019
1497,-1.455,-1.9204
1498,-0.8388,-1.045
1499,-0.768,-1.0014
1500,-0.7616,-0.7877
1501,-1.4576,-1.2705
1502,-2.4273,-2.3682
1503,-2.6099,-2.5963
1504,-1.5229,-1.4471
1505,-2.7116,-2.2205
1506,-2.5248,-2.3739
1507,-2.0278,-1.6483
1508,-1.6404,-1.4145
1509,-1.8317,-1.543
1510,-2.3839,-2.5533
1511,-2.2162,-2.2851
1512,-2.2451,-2.2075
1513,-1.6679,-1.3458
1514,-1.4369,-1.5441
1515,-2.4665,-2.6068
1516,-1.5665,-1.5614
1517,-1.344,-1.1728
1518,-2.0913,-1.6728
1519,-0.8935,-1.0957
1520,-0.9834,-1.1584
1521,-1.6704,-1.657
1522,-1.4013,-1.56
1523,-2.1909,-2.2662
1524,-1.6095,-1.7393
1525,-1.3953,-2.0145
1526,-2.2731,-2.4135
1527,-2.2495,-2.4493
1528,-1.7296,-2.046
1529,-1.5742,-1.5891
1530,-2.1021,-2.3534
1531,-3.0043,-2.8345
1532,-1.1949,-0.9719
1533,-1.5424,-1.7724
1534,-1.773,-1.3719
1535,-1.1769,-1.5842
1536,-1.2759,-1.1679
1537,-1.8903,-1.9022
1538,-1.297,-1.0705
1539,-2.4397,-2.4494
1540,-2.1226,-2.2117
1541,-2.336,-2.36
1542,-1.6595,-1.8737
1543,-1.476,-1.193
1544,-1.5238,-1.4438
1545,-2.3431,-2.5315
1546,-1.0716,-0.7816
1547,-1.5126,-1.5177
1548,-0.8389,-0.9909
1549,-2.7714,-2.9277
1550,-1.4881,-1.8383
1551,-1.8884,-2.2918
1552,-2.2398,-2.3208
1553,-1.2322,-1.0724
1554,-1.6233,-1.6015
1555,-1.5017,-1.3598
1556,-1.0075,-1.1857
1557,-0.8143,-1.0861
1558,-2.3143,-2.423
1559,-1.7477,-1.2931
1560,-1.3086,-1.2492
1561,-1.0433,-0.6837
1562,-1.5781,-1.1605
1563,-2.658,-2.38
1564,-0.8621,-1.0608
1565,-1.2959,-1.2518
1566,-1.4093,-1.4417
1567,-3.0137,-3.1673
1568,-1.3517,-1.24
1569,-1.6147,-1.5032
1570,-2.0088,-2.2964
1571,-1.7734,-1.661
1572,-2.1178,-2.3406
1573,-1.4105,-1.3658
1574,-2.1484,-1.8348
1575,-1.4055,-1.9355
1576,-1.2877,-1.3781
1577,-2.789,-3.004
1578,-2.5079,-2.5346
1579,-1.3055,-1.2052
1580,-1.322,-1.0222
1581,-2.2124,-2.2837
1582,-1.6871,-1.6385
1583,-1.6944,-1.6241
1584,-1.3567,-1.3601
1585,-1.9737,-1.7283
1586,-1.4255,-1.9487
1587,-1.6526,-1.874
1588,-1.8089,-2.0977
1589,-1.484,-1.4962
1590,-0.8951,-0.7638
1591,-1.6964,-1.8347
1592,-1.4302,-1.2345
1593,-1.7514,-1.3402
1594,-1.7846,-1.8075
1595,-2.4919,-2.8871
1596,-2.0917,-2.0054
1597,-1.4826,-1.5495
1598,-0.8027,-0.6578
1599,-1.2529,-1.0941
1600,-1.1878,-1.1232
1601,-0.8118,-1.0917
1602,-1.107,-0.8278
1603,-2.9544,-3.0416
1604,-2.2075,-2.5136
1605,-1.1762,-1.0462
1606,-0.7031,-0.4471
1607,-0.7696,-0.7135
1608,-1.0218,-1.0202
1609,-2.1906,-2.2159
1610,-2.66,-2.7986
1611,-0.6781,-0.6895
1612,-1.9017,-2.0194
1613,-1.7298,-2.1545
1614,-1.409,-1.2257
1615,-1.9037,-1.9995
1616,-2.0949,-2.0855
1617,-1.2564,-1.2746
1618,-1.4658,-1.1878
1619,-1.3734,-1.2182
1620,-1.3256,-1.5259
1621,-2.7133,-2.2289
1622,-1.1978,-1.4337
1623,-1.296,-0.9361
1624,-2.0645,-1.8254
1625,-1.6993,-1.971
1626,-1.1893,-0.7694
1627,-1.6393,-1.7491
1628,-2.6808,-2.4072
1629,-2.0991,-2.2287
1630,-0.7962,-0.7257
1631,-1.8403,-1.806
1632,-2.2266,-2.1895
1633,-1.2696,-1.077
1634,-1.4093,-1.6517
1635,-1.6318,-1.4899
1636,-0.8478,-0.6215
1637,-1.3134,-1.3915
1638,-1.1037,-1.2981
1639,-1.9561,-2.0372
1640,-1.877,-1.5081
1641,-1.5744,-1.7044
1642,-1.8443,-1.7788
1643,-2.17,-2.0568
1644,-1.1052,-1.2881
1645,-1.5198,-1.3907
1646,-0.4994,-0.5285
1647,-1.915,-1.7517
1648,-1.1884,-1.2823
1649,-1.611,-1.5652
1650,-1.3802,-1.0857
1651,-0.2056,0.2662
1652,-2.0995,-1.9567
1653,-1.4773,-1.4055
1654,-1.7412,-1.8843
1655,-1.1071,-1.3455
1656,-1.8123,-1.5694
1657,-1.974,-2.1164
1658,-1.4443,-1.6267
1659,-2.3979,-2.2811
1660,-2.0618,-1.6856
1661,-2.3234,-2.0059
1662,-2.2409,-2.346
1663,-1.8655,-1.8125
1664,-1.7076,-2.2206
1665,-1.2482,-1.4601
1666,-1.4913,-1.478
1667,-1.2608,-1.6847
1668,-1.0878,-1.3908
1669,-1.2364,-1.1003
1670,-1.5109,-1.3449
1671,-1.4154,-1.606
1672,-1.6311,-1.3124
1673,-2.3783,-2.5979
1674,-1.656,-1.1971
1675,-1.8689,-1.7649
1676,-1.5597,-1.4392
1677,-1.6171,-1.3761
1678,-1.7184,-1.5637
1679,-0.5724,-0.5956
1680,-1.9762,-1.8602
1681,-0.5198,-0.5241
1682,-2.7084,-2.4536
1683,-2.1523,-2.293
1684,-1.5115,-1.5342
1685,-1.3106,-1.6687
1686,-1.1398,-0.9781
1687,-0.8055,-0.9831
1688,-1.0674,-1.0491
1689,-1.4911,-1.2022
1690,-1.6214,-1.4186
1691,-2.1095,-2.0792
1692,-1.5584,-1.7718
1693,-1.7135,-1.5628
1694,-0.2411,-0.3823
1695,-0.388,-0.1287
1696,-1.4556,-1.0101
1697,-0.3098,-0.5002
1698,-1.0927,-0.9531
1699,-0.7948,-0.5
1700,-1.6693,-1.3499
1701,-2.1397,-1.9886
1702,-1.061,-0.8872
1703,-1.8892,-1.9537
1704,-1.2681,-1.089
1705,-1.065,-1.3122
1706,-1.6818,-1.814
1707,-0.442,0.0068
1708,-1.7009,-1.7201
1709,-1.2507,-1.4504
1710,-2.1592,-2.0403
1711,-2.1937,-2.5706
1712,-0.9476,-0.7149
1713,-1.1522,-1.1055
1714,-1.8272,-1.0607
1715,-1.2172,-1.7853
1716,-2.6907,-2.3038
1717,-2.0957,-1.8765
1718,-2.1961,-2.1913
1719,-2.1378,-2.1921
1720,-1.2679,-1.4771
1721,-2.2578,-1.9848
1722,-1.2502,-1.2851
1723,-1.2167,-1.2133
1724,-1.4834,-1.3035
1725,-1.7073,-1.2478
1726,-1.7784,-1.4397
1727,-1.1053,-1.5922
1728,-1.9846,-1.9303
1729,-1.2966,-1.1199
1730,-1.8875,-1.9345
1731,-1.8172,-1.8474
1732,-1.5417,-1.1823
1733,-1.4811,-1.4859
1734,-2.5379,-2.4123
1735,-1.5059,-1.4649
1736,-0.92,-0.74
1737,-2.0604,-2.0607
1738,-2.0173,-1.9836
1739,-2.0269,-2.2085
1740,-1.4474,-1.6127
1741,-1.0603,-1.1807
1742,-1.0345,-0.7801
1743,-1.2618,-1.0679
1744,-2.0804,-2.3297
1745,-0.8744,-1.3596
1746,-1.0728,-0.9192
1747,-0.7879,-0.7758
1748,-0.4747,-0.5342
1749,-0.7951,-0.8844
1750,-1.535,-1.5497
1751,-1.8211,-1.6484
1752,-1.3189,-1.5067
1753,-1.5599,-1.8429
1754,-1.3044,-1.5832
1755,-1.2396,-1.376
1756,-1.1483,-1.0689
1757,-1.6997,-1.8057
1758,-1.6308,-1.727
1759,-0.3905,-0.2741
1760,-1.8159,-1.8184
1761,-2.1064,-2.171
1762,-1.1007,-1.2133
1763,-1.679,-1.8493
1764,-1.3643,-1.4604
1765,-2.8666,-2.4437
1766,-0.9556,-0.8486
1767,-1.6476,-1.6807
1768,-1.7718,-1.9382
1769,-1.0124,-1.0718
1770,-1.8688,-1.8393
1771,-1.7153,-1.6924
1772,-1.1424,-0.851
1773,-2.2222,-1.8563
1774,-1.4981,-1.4852
1775,-2.1266,-2.1925
1776,-1.0697,-1.4345
1777,-1.8258,-1.5633
1778,-1.9651,-1.9681
1779,-2.2799,-2.171
1780,-1.753,-1.6076
1781,-1.5453,-1.6182
1782,-1.9577,-1.9632
1783,-2.1593,-2.2443
1784,-1.682,-1.3605
1785,-2.3259,-2.079
1786,-0.6774,-0.5453
1787,-1.8092,-1.5561
1788,-1.8868,-1.4016
1789,-1.5456,-1.4102
1790,-1.2199,-1.6216
1791,-1.3996,-1.7631
1792,-1.6765,-1.7244
1793,-1.3484,-1.0362
1794,-1.371,-1.4632
1795,-2.2403,-2.0089
1796,-1.3366,-1.1529
1797,-1.7184,-1.6634
1798,-1.6556,-1.7291
1799,-1.4322,-1.302
1800,-1.4292,-1.3629
1801,-1.9063,-1.5442
1802,-2.171,-1.8696
1803,-2.2056,-1.8821
1804,-1.297,-1.2423
1805,-1.4399,-1.4194
1806,-1.4829,-1.8635
1807,-1.5644,-1.2921
1808,-1.3672,-1.2918
1809,-2.0038,-1.6194
1810,-1.5277,-1.4062
1811,-2.766,-2.9413
1812,-1.3392,-1.0277
1813,-2.0895,-2.5702
1814,-1.0728,-1.3591
1815,-1.5207,-1.3685
1816,-0.9655,-0.7758
1817,-1.0874,-0.8665
1818,-0.6087,-0.5717
1819,-1.2106,-1.3381
1820,-1.2468,-1.3716
1821,-1.5545,-1.5053
1822,-1.9453,-1.7894
1823,-2.6021,-2.473
1824,-2.3277,-2.2648
1825,-1.2279,-1.639
1826,-1.0874,-0.8762
1827,-2.4605,-2.4916
1828,-1.3541,-1.3769
1829,-1.8201,-1.6472
1830,-2.0074,-1.8216
1831,-1.9626,-2.1583
1832,-1.3709,-1.3013
1833,-1.4696,-1.3719
1834,-1.7002,-1.9162
1835,-0.9666,-1.0083
1836,-1.198,-0.8722
1837,-1.9557,-1.974
1838,-1.3269,-1.5845
1839,-1.3927,-0.9816
1840,-1.7823,-2.0798
1841,-1.5677,-1.7774
1842,-0.945,-1.1546
1843,-2.2199,-2.1667
1844,-0.9694,-0.91
1845,-1.5386,-1.8709
1846,-1.4399,-1.1806
1847,-1.0225,-1.0478
1848,-1.4846,-1.6749
1849,-1.5253,-1.4541
1850,-0.1182,-0.1739
1851,-0.9283,-0.7634
1852,-2.0366,-1.9438
1853,-1.1495,-1.2792
1854,-1.4101,-1.3035
1855,-1.436,-1.3743
1856,-1.1818,-1.2807
1857,-1.5353,-1.4984
1858,-1.7162,-1.7424
1859,-1.4349,-1.0149
1860,-2.2844,-1.894
1861,-1.6592,-1.3653
1862,-2.1489,-2.2161
1863,-1.0414,-1.3431
1864,-2.2561,-1.8575
1865,-1.9312,-1.6251
1866,-1.1338,-0.7917
1867,-1.4556,-1.297
1868,-0.7994,-0.4262
1869,-0.9416,-1.0271
1870,-1.7142,-1.64
1871,-1.8934,-1.8083
1872,-1.6515,-1.5097
1873,-2.459,-2.2459
1874,-1.9718,-1.8301
1875,-2.3126,-2.2414
1876,-1.5376,-1.5889
1877,-0.9707,-0.9158
1878,-0.969,-0.4821
1879,-1.2095,-0.9621
1880,-2.2021,-1.7548
1881,-2.0117,-1.4244
1882,-1.7605,-1.2621
1883,-1.0847,-0.9372
1884,-2.0439,-1.7986
1885,-2.1421,-2.4328
1886,-1.125,-0.8849
1887,-1.1612,-1.2285
1888,-1.485,-1.7704
1889,-2.0433,-1.7469
1890,-0.7815,-0.9352
1891,-1.4869,-1.3231
1892,-1.6382,-1.4811
1893,-1.6259,-2.0672
1894,-1.5029,-2.0514
1895,-1.0164,-1.5793
1896,-1.0152,-1.2154
1897,-1.5859,-1.7893
1898,-2.014,-1.8952
1899,-1.5729,-1.941
1900,-1.4678,-1.3643
1901,-1.2507,-1.1962
1902,-1.7544,-1.8241
1903,-1.945,-2.3564
1904,-2.0837,-1.9707
1905,-1.4198,-1.3812
1906,-1.8124,-1.8204
1907,-1.2835,-1.2643
1908,-1.3288,-1.1838
1909,-2.2831,-2.4051
1910,-1.4419,-1.0785
1911,-0.954,-0.6468
1912,-1.374,-1.2858
1913,-0.8899,-1.0712
1914,-1.4073,-1.3409
1915,-2.7339,-2.7409
1916,-1.7808,-1.8417
1917,-2.4942,-2.389
1918,-1.2118,-1.4267
1919,-1.2263,-1.0873
1920,-1.4886,-1.2375
1921,-1.253,-1.8188
1922,-2.0313,-1.9575
1923,-1.8266,-1.969
1924,-1.6919,-1.7314
1925,-0.8512,-0.6118
1926,-2.4752,-2.2849
1927,-2.1616,-1.9003
1928,-1.6596,-1.3814
1929,-2.0001,-1.962
1930,-2.8975,-3.0508
1931,-1.4945,-1.5748
1932,-1.2451,-1.2651
1933,-2.1283,-1.8155
1934,-1.6754,-1.2144
1935,-1.9985,-2.0681
1936,-1.6486,-1.6205
1937,-2.256,-1.9124
1938,-2.6041,-2.5427
1939,-0.7517,-0.627
1940,-1.6865,-1.7205
1941,-2.0082,-1.7299
1942,-1.9605,-1.6953
1943,-1.1742,-1.0068
1944,-2.2352,-2.3137
1945,-1.2511,-1.343
1946,-1.2388,-0.9066
1947,-1.1214,-1.1737
1948,-0.7629,-0.7767
1949,-1.4867,-1.137
1950,-2.5412,-1.9416
1951,-0.8861,-0.5829
1952,-1.2767,-0.83
1953,-1.5383,-1.6698
1954,-2.1348,-2.0265
1955,-1.1666,-1.1521
1956,-1.5749,-1.3864
1957,-1.3365,-1.111
1958,-1.3067,-1.5208
1959,-1.4541,-1.7319
1960,-1.8044,-1.7447
1961,-2.0271,-1.8335
1962,-1.1822,-1.1929
1963,-2.1346,-2.0602
1964,-0.726,-1.0459
1965,-0.9608,-0.8694
1966,-1.2871,-1.5154
1967,-1.4427,-1.1103
1968,-1.7514,-1.0571
1969,-2.0769,-2.0807
1970,-1.3413,-1.2975
1971,-1.5251,-1.09
1972,-2.0604,-2.063
1973,-2.6061,-2.3354
1974,-1.9387,-1.9609
1975,-1.3827,-1.2343
1976,-1.6274,-1.5288
1977,-1.5645,-1.88
1978,-2.2621,-1.6816
1979,-2.0571,-2.0574
1980,-0.9061,-0.8663
1981,-2.4115,-2.0099
1982,-1.1638,-1.108
1983,-1.8647,-1.9025
1984,-2.0263,-2.2094
1985,-1.8724,-1.7334
1986,-1.7093,-1.4131
1987,-2.7998,-2.4953
1988,-2.0302,-2.0592
1989,-1.1578,-0.9888
1990,-1.4625,-1.0526
1991,-1.9446,-1.8431
1992,-1.4654,-1.6233
1993,-1.1024,-1.6306
1994,-1.6137,-1.3086
1995,-1.1569,-1.1276
1996,-1.6676,-1.6447
1997,-1.3397,-0.9278
1998,-1.3599,-1.4182
1999,-1.2161,-1.205
2000,-1.5298,-1.486
2001,-2.2965,-2.2185
2002,-1.4569,-0.9698
2003,-0.7213,-0.6509
2004,-0.8377,-0.7461
2005,-1.138,-0.8901
2006,-2.288,-2.3423
2007,-1.4132,-1.5784
2008,-0.6093,-0.3991
2009,-2.0431,-2.1584
2010,-0.8431,-0.7858
2011,-1.4027,-1.7213
2012,-1.4624,-1.4759
2013,-1.5907,-1.9496
2014,-1.6832,-2.0484
2015,-1.3271,-1.3565
2016,-1.667,-1.4876
2017,-1.8457,-1.7823
2018,-1.5249,-1.6886
2019,-0.8391,-0.3527
2020,-1.4981,-1.891
2021,-1.3461,-1.1895
2022,-1.4889,-1.5847
2023,-1.3852,-1.2712
2024,-1.7885,-1.6394
2025,-1.1419,-1.2725
2026,-1.8291,-1.6857
2027,-1.0444,-1.1387
2028,-1.9448,-2.2322
2029,-1.6854,-1.3597
2030,-0.853,-0.6235
2031,-1.2768,-1.4175
2032,-0.9909,-1.1588
2033,-1.0187,-0.7914
2034,-1.3856,-1.5531
2035,-1.3377,-1.4033
2036,-1.327,-1.2149
2037,-0.6727,-0.7218
2038,-1.9731,-1.6439
2039,-1.4917,-1.5763
2040,-1.9215,-1.5835
2041,-0.8873,-0.778
2042,-1.4755,-1.4422
2043,-1.5226,-1.3786
2044,-1.3348,-1.4528
2045,-1.9443,-1.9507
2046,-0.5461,-0.8573
2047,-1.9796,-1.6992
2048,-1.7363,-1.8528
2049,-2.1014,-2.4816
2050,-1.8771,-1.5322
2051,-1.8015,-1.7856
2052,-2.2018,-2.1602
2053,-1.6249,-1.2828
2054,-2.1255,-1.6439
2055,-1.2562,-1.1246
2056,-2.0989,-1.9693
2057,-1.8693,-1.837
2058,-1.8048,-1.697
2059,-2.118,-2.2531
2060,-1.3516,-1.0855
2061,-1.5164,-1.1801
2062,-1.1366,-1.0893
2063,-0.9158,-1.2193
2064,-1.5368,-1.4057
2065,-1.5309,-1.7428
2066,-1.6048,-1.5907
2067,-2.0394,-2.0296
2068,-1.2599,-0.7472
2069,-1.6088,-2.0355
2070,-1.0046,-1.0035
2071,-0.7892,-0.543
2072,-1.3881,-1.8642
2073,-1.9577,-1.881
2074,-2.2497,-2.2604
2075,-1.5859,-1.6458
2076,-1.6951,-1.8332
2077,-1.5155,-1.1861
2078,-1.9599,-1.7533
2079,-2.6494,-2.568
2080,-1.5711,-1.6854
2081,-2.2951,-2.1658
2082,-1.2686,-0.7972
2083,-1.4443,-1.4571
2084,-2.1461,-1.8035
2085,-1.1725,-1.3282
2086,-1.537,-1.5787
2087,-1.5559,-1.7845
2088,-3.1733,-3.0155
2089,-2.0098,-2.2379
2090,-1.5022,-1.6101
2091,-1.8038,-1.9921
2092,-0.8574,-0.8603
2093,-1.5867,-2.2195
2094,-1.5323,-1.6997
2095,-0.8861,-0.8086
2096,-2.4079,-2.4004
2097,-1.8928,-1.9906
2098,-1.6927,-1.7696
2099,-2.1104,-1.9316
2100,-1.7682,-1.8781
2101,-1.8232,-1.7987
2102,-1.7943,-1.5381
2103,-0.8491,-0.8091
2104,-1.817,-1.5034
2105,-2.0315,-1.9369
2106,-1.2718,-0.9952
2107,-1.4863,-1.9376
2108,-2.7931,-2.6987
2109,-1.578,-1.4763
2110,-1.6746,-1.4014
2111,-1.8182,-1.611
2112,-2.2609,-2.5408
2113,-1.0252,-0.8424
2114,-1.4576,-1.6074
2115,-0.7493,-0.9999
2116,-2.3545,-2.4356
2117,-0.9429,-0.9627
2118,-1.7404,-2.0151
2119,-2.1963,-2.234
2120,-2.4592,-2.1445
2121,-0.5715,-0.7962
2122,-1.5,-1.4569
2123,-1.8252,-2.201
2124,-1.8061,-2.1348
2125,-1.8349,-1.6276
2126,-1.6824,-1.7327
2127,-1.7096,-1.7574
2128,-2.2235,-2.224
2129,-1.5489,-1.7584
2130,-1.0003,-0.8557
2131,-2.2488,-2.4642
2132,-1.7639,-1.63
2133,-1.2922,-1.9915
2134,-2.0561,-2.2634
2135,-0.9104,-0.5082
2136,-0.9235,-0.749
2137,-1.3156,-1.8719
2138,-1.1977,-1.6975
2139,-1.7523,-1.3641
2140,-2.0089,-1.9831
2141,-0.9002,-0.4583
2142,-2.4087,-2.6829
2143,-2.6291,-2.2556
2144,-2.1602,-2.2123
2145,-2.528,-2.5891
2146,-1.7961,-1.8047
2147,-1.2365,-0.7629
2148,-1.5049,-1.6192
2149,-0.8646,-0.9293
2150,-1.5875,-1.871
2151,-1.3177,-1.2157
2152,-1.0706,-1.2098
2153,-2.0159,-1.6331
2154,-1.4121,-1.3693
2155,-0.8399,-0.9055
2156,-2.1557,-2.2593
2157,-2.6099,-2.4811
2158,-0.6698,-0.7442
2159,-1.3298,-1.1868
2160,-0.6004,-0.9651
2161,-1.6155,-1.5917
2162,-1.7255,-1.6917
2163,-1.1681,-0.8505
2164,-2.1772,-1.9029
2165,-1.2728,-0.8694
2166,-1.7305,-1.3062
2167,-1.528,-1.3335
2168,-2.1662,-2.1293
2169,-1.4367,-1.2623
2170,-1.0219,-0.804
2171,-1.7197,-1.5334
2172,-1.7497,-1.812
2173,-1.632,-1.7632
2174,-0.9846,-0.8489
2175,-2.0557,-1.7297
2176,-1.2683,-0.9093
2177,-0.9239,-0.7103
2178,-1.45,-1.7527
2179,-1.8402,-1.9701
2180,-1.8662,-1.4807
2181,-1.7749,-1.5817
2182,-0.8567,-0.8979
2183,-1.7184,-1.887
2184,-1.358,-1.3922
2185,-1.6144,-1.7575
2186,-1.316,-0.9811
2187,-2.009,-2.1222
2188,-2.0354,-2.2219
2189,-1.1625,-1.1363
2190,-2.1621,-2.0822
2191,-1.5388,-1.5497
2192,-2.0049,-1.5916
2193,-1.0997,-1.2987
2194,-1.2554,-0.7856
2195,-1.6049,-1.7201
2196,-1.377,-1.8217
2197,-1.6786,-1.672
2198,-1.9654,-1.8789
2199,-2.8651,-2.4612
2200,-1.7592,-1.3744
2201,-2.0735,-1.9909
2202,-1.6107,-1.5774
2203,-2.3144,-1.77
2204,-1.6075,-1.5703
2205,-1.7571,-1.6449
2206,-1.962,-1.9428
2207,-1.8547,-1.4873
2208,-1.7899,-1.9629
2209,-0.8606,-0.8975
2210,-1.4014,-1.326
2211,-1.8641,-1.9061
2212,-1.8852,-1.762
2213,-2.1037,-1.805
2214,-1.0762,-0.7231
2215,-1.5603,-0.9109
2216,-2.3726,-2.3573
2217,-0.9981,-0.9183
2218,-1.8196,-2.1017
2219,-2.0256,-2.2717
2220,-2.0078,-2.2058
2221,-1.6892,-1.2095
2222,-2.2582,-2.6484
2223,-2.0463,-1.9968
2224,-1.6976,-1.6833
2225,-2.062,-2.2187
2226,-2.0619,-1.8413
2227,-1.7486,-1.9824
2228,-0.75,-0.546
2229,-0.7104,-0.9884
2230,-1.1503,-1.0512
2231,-1.6749,-1.6551
2232,-0.2926,-0.1329
2233,-1.3003,-1.1432
2234,-1.8696,-2.2151
2235,-1.6219,-1.2011
2236,-2.2294,-1.8378
2237,-0.6338,-0.6251
2238,-1.1075,-1.1753
2239,-1.632,-1.5061
2240,-1.6112,-1.6555
2241,-1.2825,-0.993
2242,-2.6984,-2.6086
2243,-1.3654,-1.4965
2244,-1.9506,-1.7061
2245,-1.1558,-1.7321
2246,-1.7591,-2.0577
2247,-1.6306,-1.508
2248,-1.5129,-1.5784
2249,-1.6878,-1.6158
2250,-2.2185,-2.1024
2251,-1.797,-2.0027
2252,-1.6659,-2.1405
2253,-2.3506,-2.1152
2254,-0.831,-0.2485
2255,-1.9367,-1.9723
2256,-2.0165,-1.5278
2257,-1.4498,-1.9517
2258,-1.8018,-1.7333
2259,-1.5972,-1.61
2260,-1.7832,-1.5266
2261,-1.5802,-1.2797
2262,-1.7317,-2.0178
2263,-0.8201,-1.3374
2264,-1.5017,-1.5114
2265,-1.6612,-1.5427
2266,-1.6122,-1.3364
2267,-1.2684,-1.4256
2268,-1.2896,-1.349
2269,-2.1492,-1.5466
2270,-2.1121,-2.3598
2271,-1.9751,-1.568
2272,-1.8184,-1.7029
2273,-1.3851,-1.5105
2274,-1.6873,-1.6553
2275,-2.0532,-2.1263
2276,-2.3856,-2.4937
2277,-1.2672,-1.5367
2278,-1.2745,-1.194
2279,-1.8841,-1.9992
2280,-1.3752,-1.3929
2281,-1.3871,-1.5353
2282,-2.4901,-2.6214
2283,-1.5575,-1.6468
2284,-1.5837,-1.2467
2285,-1.9907,-2.0224
2286,-1.3687,-0.9849
2287,-1.8411,-1.7582
2288,-2.1632,-2.0872
2289,-1.3907,-1.0693
2290,-1.5869,-1.4762
2291,-1.4098,-1.5949
2292,-0.6866,-0.274
2293,-1.9374,-1.9566
2294,-1.6186,-1.25
2295,-2.2052,-1.9554
2296,-2.3239,-1.8771
2297,-1.5716,-1.683
2298,-1.4413,-1.0077
2299,-2.2999,-2.1712
2300,-2.6035,-2.6816
2301,-1.5769,-1.6348
2302,-0.9928,-1.2913
2303,-2.8418,-2.7432
2304,-1.4305,-1.3551
2305,-1.3155,-1.5427
2306,-2.6747,-3.1602
2307,-0.691,-0.8209
2308,-1.7731,-1.9345
2309,-1.5413,-1.7116
2310,-2.0781,-1.9046
2311,-0.9122,-0.969
2312,-1.9061,-1.5818
2313,-1.5972,-1.3131
2314,-1.1065,-1.5481
2315,-1.8523,-1.5408
2316,-1.8023,-1.675
2317,-1.8975,-1.9818
2318,-1.1487,-1.3291
2319,-1.5022,-1.4102
2320,-2.3553,-2.5149
2321,-1.3041,-1.2758
2322,-2.5188,-2.4404
2323,-1.0122,-0.9834
2324,-0.8891,-0.9794
2325,-1.0369,-0.9019
2326,-0.5791,-0.9764
2327,-2.0233,-1.8852
2328,-1.4618,-1.4711
2329,-1.5023,-1.5338
2330,-1.234,-1.3356
2331,-1.3175,-1.0128
2332,-1.9798,-2.3165
2333,-1.7912,-1.7408
2334,-1.568,-1.315
2335,-1.8028,-1.8814
2336,-2.3251,-2.2905
2337,-2.6445,-2.7027
2338,-0.2867,0.0336
2339,-1.6557,-1.5435
2340,-1.9609,-1.7802
2341,-1.3637,-1.3495
2342,-1.1868,-0.9236
2343,-0.9796,-0.8579
2344,-0.9245,-0.9485
2345,-2.3924,-2.2529
2346,-2.4067,-2.2253
2347,-1.4307,-1.7815
2348,-1.9881,-1.5626
2349,-1.9164,-2.0818
2350,-1.427,-1.4064
2351,-2.1715,-2.2521
2352,-1.5984,-1.2001
2353,-1.7528,-1.7903
2354,-2.5154,-2.1761
2355,-1.1828,-1.3005
2356,-0.6173,-0.8999
2357,-1.8161,-1.4082
2358,-2.4394,-1.7301
2359,-2.1758,-2.1773
2360,-1.8469,-1.9348
2361,-1.5418,-2.0768
2362,-2.2182,-1.9501
2363,-1.038,-0.8158
2364,-1.3531,-0.9601
2365,-1.7736,-1.8624
2366,-1.6443,-1.7309
2367,-3.0714,-3.1856
2368,-1.3409,-1.334
2369,-1.8381,-1.3616
2370,-1.5675,-1.2965
2371,-0.625,-0.3681
2372,-1.2474,-0.866
2373,-1.4341,-1.451
2374,-1.2662,-1.3009
2375,-1.7546,-2.4132
2376,-2.0917,-1.9348
2377,-1.2913,-1.5675
2378,-0.8304,-0.5349
2379,-1.5922,-1.5737
2380,-1.8244,-1.4648
2381,-1.3321,-1.5176
2382,-2.2513,-2.2722
2383,-1.244,-0.8586
2384,-1.4964,-1.7815
2385,-1.6272,-1.8295
2386,-1.6997,-1.6643
2387,-1.0106,-0.8263
2388,-1.0515,-0.939
2389,-1.2789,-1.5754
2390,-1.5162,-2.084
2391,-1.8619,-1.641
2392,-1.7512,-1.5405
2393,-1.7027,-2.0995
2394,-1.4197,-1.5566
2395,-2.1149,-2.6772
2396,-2.1399,-2.1904
2397,-1.4982,-1.538
2398,-1.0295,-0.796
2399,-1.9546,-1.6911
2400,-2.1651,-2.2402
2401,-2.2791,-2.5985
2402,-1.2077,-1.1692
2403,-1.7085,-1.4621
2404,-1.158,-1.0506
2405,-0.9136,-0.8352
2406,-1.2196,-1.9268
2407,-1.5502,-1.182
2408,-1.8359,-1.3672
2409,-1.7901,-1.6592
2410,-1.3824,-1.6274
2411,-1.9411,-1.8378
2412,-1.2415,-1.8541
2413,-1.7467,-1.6825
2414,-1.5787,-1.4484
2415,-1.0547,-1.1312
2416,-1.0671,-1.0288
2417,-0.457,-0.3754
2418,-2.4695,-2.2204
2419,-0.8497,-0.6257
2420,-1.4674,-1.6524
2421,-1.6072,-1.4774
2422,-2.0679,-2.0014
2423,-1.5266,-1.5518
2424,-2.6612,-2.7676
2425,-1.3489,-1.078
2426,-1.8313,-2.1512
2427,-1.1836,-1.3071
2428,-1.8489,-1.6744
2429,-1.2298,-1.1732
2430,-1.8668,-1.9084
2431,-2.0815,-2.2359
2432,-2.8308,-2.9538
2433,-1.4558,-1.4667
2434,-1.4693,-1.2897
2435,-1.7321,-1.1708
2436,-1.5079,-1.562
2437,-1.4959,-1.7558
2438,-0.9424,-1.0599
2439,-1.3515,-1.354
2440,-2.269,-2.7275
2441,-0.992,-1.4392
2442,-0.6962,-0.8645
2443,-1.6488,-1.7076
2444,-2.0585,-2.0596
2445,-1.7104,-1.5209
2446,-2.0508,-1.6252
2447,-1.6453,-1.6908
2448,-2.1382,-1.9627
2449,-1.0591,-0.7077
2450,-0.8787,-0.8652
2451,-1.1803,-1.2649
2452,-1.2222,-1.0229
2453,-1.7463,-1.6979
2454,-1.9548,-2.2465
2455,-1.7861,-2.0187
2456,-1.256,-0.9217
2457,-2.1139,-1.9634
2458,-0.519,-0.5252
2459,-1.2111,-1.1922
2460,-1.5409,-1.3522
2461,-1.8397,-1.6668
2462,-1.7058,-2.0354
2463,-2.1713,-2.0017
2464,-1.9665,-1.7573
2465,-2.6291,-2.4724
2466,-1.5824,-1.7845
2467,-1.69,-1.6412
2468,-2.1982,-2.0697
2469,-2.1845,-2.2042
2470,-1.7746,-1.5318
2471,-1.105,-1.0595
2472,-1.8518,-2.3239
2473,-1.3427,-1.1347
2474,-2.4771,-2.5414
2475,-0.9805,-1.3417
2476,-0.2296,-0.3133
2477,-1.2497,-1.1564
2478,-1.5073,-1.4913
2479,-1.8558,-2.1507
2480,-2.1853,-1.9117
2481,-1.442,-1.112
2482,-2.6905,-3.0772
2483,-1.072,-1.2807
2484,-1.0094,-1.3335
2485,-1.4568,-1.2645
2486,-1.152,-1.2401
2487,-1.69,-1.8115
2488,-1.4833,-1.3055
2489,-1.4077,-1.6778
2490,-1.683,-2.0084
2491,-1.8627,-1.8372
2492,-2.03,-2.2893
2493,-1.6468,-1.4274
2494,-1.1293,-1.215
2495,-1.3935,-1.2745
2496,-1.2565,-1.2875
2497,-1.959,-1.9036
2498,-2.1031,-1.8485
2499,-1.9597,-2.1014
2500,-0.9999,-0.9357
2501,-1.8043,-1.9011
2502,-1.8227,-1.3748
2503,-2.2802,-2.1521
2504,-0.5101,-0.3638
2505,-1.0582,-0.8472
2506,-2.0677,-1.8874
2507,-2.051,-1.4718
2508,-0.9831,-0.8648
2509,-1.5057,-1.145
2510,-1.5429,-1.0949
2511,-2.1368,-2.289
2512,-2.5366,-2.5428
2513,-1.6212,-1.5285
2514,-1.1521,-1.0819
2515,-1.8482,-1.9776
2516,-0.8671,-0.6495
2517,-2.3443,-2.917
2518,-0.9564,-0.7771
2519,-1.1418,-0.9847
2520,-0.9863,-0.796
2521,-1.1534,-1.0766
2522,-2.1828,-2.3932
2523,-2.2348,-1.751
2524,-0.9557,-0.9621
2525,-1.9105,-2.0995
2526,-1.8671,-1.8948
2527,-1.5865,-1.5911
2528,-1.5027,-1.4238
2529,-1.1967,-1.2376
2530,-1.804,-1.8627
2531,-1.6108,-1.8881
2532,-1.6578,-1.2759
2533,-2.1752,-2.1282
2534,-1.4848,-1.6597
2535,-0.8308,-1.1972
2536,-1.4873,-1.3972
2537,-2.7772,-2.8033
2538,-2.2836,-2.2595
2539,-1.3502,-1.0583
2540,-1.7848,-1.6833
2541,-2.0325,-2.1576
2542,-1.8678,-2.0449
2543,-1.1729,-1.1962
2544,-2.0072,-1.7875
2545,-2.0577,-1.9886
2546,-2.0702,-1.8359
2547,-2.181,-1.6833
2548,-2.501,-2.4561
2549,-1.1347,-1.0652
2550,-1.861,-1.7935
2551,-1.0198,-1.2554
2552,-2.6128,-2.3295
2553,-1.1479,-1.0658
2554,-1.9398,-1.8964
2555,-1.0801,-1.0422
2556,-2.1611,-2.1392
2557,-2.0263,-1.7667
2558,-2.2712,-2.2947
2559,-3.4314,-2.9422
2560,-0.8936,-0.7758
2561,-2.3295,-2.2983
2562,-1.4421,-1.6116
2563,-1.7422,-1.6893
2564,-1.6262,-1.7983
2565,-1.9477,-1.9835
2566,-1.66,-2.1801
2567,-1.1767,-1.5337
2568,-2.2082,-2.0814
2569,-2.0334,-2.1425
2570,-1.3296,-1.2059
2571,-1.8429,-1.8546
2572,-2.0248,-2.2366
2573,-0.9465,-0.7655
2574,-0.7788,-1.1158
2575,-1.9189,-1.6994
2576,-1.7547,-1.4862
2577,-1.4697,-1.4801
2578,-1.7874,-1.7144
2579,-1.89,-1.8737
2580,-1.9978,-1.7147
2581,-2.2069,-2.4794
2582,-1.6412,-1.8123
2583,-2.0007,-1.5928
2584,-3.0346,-3.0507
2585,-2.4833,-2.0661
2586,-1.2297,-1.0031
2587,-1.0324,-1.0406
2588,-1.6748,-1.502
2589,-1.4184,-1.328
2590,-1.7247,-1.5556
2591,-1.727,-1.4495
2592,-1.8283,-2.0855
2593,-1.2908,-1.1634
2594,-1.6544,-1.2482
2595,-1.8979,-1.8999
2596,-1.213,-1.2022
2597,-0.4165,-0.6685
2598,-1.0578,-1.0923
2599,-2.0178,-2.2059
2600,-1.3724,-1.3336
2601,-1.8899,-2.0989
2602,-1.0855,-1.3237
2603,-1.8121,-1.9046
2604,-2.1955,-2.1516
2605,-1.3635,-1.6962
2606,-1.858,-1.239
2607,-2.111,-1.6619
2608,-2.2459,-2.1873
2609,-1.8437,-1.9538
2610,-2.024,-2.4951
2611,-1.1386,-0.9138
2612,-1.7446,-1.4985
2613,-1.7634,-1.3202
2614,-2.7723,-2.8255
2615,-2.7066,-2.6513
2616,-0.979,-1.0305
2617,-1.0335,-0.9901
2618,-1.1807,-0.9311
2619,-1.523,-1.1627
2620,-2.0859,-1.983
2621,-1.8062,-1.7029
2622,-1.5017,-1.4667
2623,-2.6738,-2.4475
2624,-1.3682,-0.8492
2625,-1.2159,-0.763
2626,-1.6936,-1.6303
2627,-1.467,-2.1462
2628,-1.1738,-1.1507
2629,-1.3863,-1.2314
2630,-2.5445,-2.4446
2631,-1.9869,-2.1041
2632,-0.9132,-1.1679
2633,-1.4014,-1.4133
2634,-2.5154,-2.4847
2635,-0.5567,0.1525
2636,-1.2742,-1.2487
2637,-1.172,-0.9372
2638,-1.4595,-1.6271
2639,-1.5035,-1.2021
2640,-0.8219,-0.9043
2641,-1.3351,-1.2763
2642,-1.6694,-1.6671
2643,-2.1059,-2.3099
2644,-1.2231,-1.1538
2645,-2.2241,-2.1835
2646,-1.4571,-1.6149
2647,-1.426,-1.2962
2648,-2.0763,-2.503
2649,-1.9526,-1.8844
2650,-1.9879,-2.1762
2651,-2.1436,-1.69
2652,-1.5162,-1.2654
2653,-1.8481,-1.6203
2654,-1.8356,-2.0617
2655,-1.4032,-1.2001
2656,-1.8353,-1.5883
2657,-0.2017,-0.1416
2658,-1.6916,-1.656
2659,-1.8324,-2.0703
2660,-2.0865,-1.8231
2661,-1.3253,-1.2434
2662,-2.3362,-2.3338
2663,-1.0215,-0.8069
2664,-1.0651,-1.0967
2665,-1.9456,-2.0428
2666,-2.2438,-2.3121
2667,-1.7838,-1.915
2668,-1.8779,-2.2365
2669,-1.6695,-1.3946
2670,-1.6386,-1.7745
2671,-1.4094,-1.2562
2672,-0.9229,-1.36
2673,-1.5408,-0.8887
2674,-2.0587,-2.0737
2675,-1.7524,-1.7375
2676,-2.0197,-2.0597
2677,-1.5199,-1.6101
2678,-1.205,-0.8617
2679,-2.9414,-2.6268
2680,-1.4451,-1.2388
2681,-1.7495,-1.4284
2682,-0.7537,-0.7045
2683,-1.8356,-1.8578
2684,-1.6084,-1.743
2685,-1.3332,-1.8842
2686,-0.9716,-0.8069
2687,-1.868,-1.3499
2688,-1.8545,-1.6354
2689,-1.3612,-1.7374
2690,-0.8711,-0.6906
2691,-1.9716,-1.9801
2692,-1.8044,-1.5425
2693,-1.2024,-1.0914
2694,-2.1308,-2.2989
2695,-1.2256,-1.8554
2696,-1.7069,-1.189
2697,-2.2561,-2.0712
2698,-2.0137,-2.0793
2699,-1.8074,-1.2219
2700,-2.0402,-1.8594
2701,-1.6297,-2.1169
2702,-1.2688,-1.3352
2703,-1.5108,-1.4539
2704,-1.7362,-2.0402
2705,-1.9077,-1.5717
2706,-0.8103,-1.0366
2707,-1.6944,-1.7807
2708,-2.3447,-2.1707
2709,-0.5227,-0.8572
2710,-1.3311,-1.3185
2711,-2.0362,-1.8827
2712,-1.2116,-0.9242
2713,-1.2966,-1.4074
2714,-1.7474,-1.7749
2715,-2.1701,-2.3906
2716,-2.3815,-2.9647
2717,-0.7386,-0.5542
2718,-1.5297,-1.4327
2719,-1.5025,-1.0397
2720,-1.6958,-1.9497
2721,-1.2895,-0.9345
2722,-0.0922,-0.1461
2723,-1.2527,-1.2769
2724,-1.1841,-1.2442
2725,-1.5309,-1.5662
2726,-1.216,-1.5025
2727,-1.7634,-1.6041
2728,-1.0678,-0.9705
2729,-1.8796,-1.6321
2730,-1.6527,-1.8387
2731,-1.4967,-1.7608
2732,-1.6756,-1.7367
2733,-2.2584,-1.7674
2734,-0.7794,-0.5995
2735,-0.8788,-1.0684
2736,-1.7912,-1.8954
2737,-0.9766,-1.4226
2738,-1.0456,-0.7194
2739,-1.1818,-1.4949
2740,-2.0364,-1.8385
2741,-1.0827,-0.9094
2742,-2.0436,-1.7608
2743,-1.8717,-1.6744
2744,-1.7419,-1.4628
2745,-1.963,-1.7607
2746,-1.0494,-0.6076
2747,-0.7947,-0.7353
2748,-2.1576,-2.1388
2749,-1.4727,-1.5204
2750,-0.882,-0.8354
2751,-0.6457,-0.5058
2752,-2.0057,-2.4133
2753,-2.2126,-1.9759
2754,-2.3331,-2.4528
2755,-1.5856,-1.6626
2756,-1.3104,-1.1774
2757,-2.1096,-2.0302
2758,-1.3897,-1.2345
2759,-1.4373,-1.4711
2760,-1.7194,-1.5486
2761,-1.8197,-1.5552
2762,-1.5588,-1.6219
2763,-2.227,-1.6263
2764,-1.8037,-1.4746
2765,-1.8166,-2.0334
2766,-1.8563,-1.5863
2767,-1.07,-1.0889
2768,-1.3683,-0.9747
2769,-1.1518,-1.0939
2770,-2.3858,-1.91
2771,-1.2998,-1.3552
2772,-1.8505,-2.0639
2773,-2.8513,-2.7216
2774,-1.3418,-1.2511
2775,-0.8485,-0.6419
2776,-2.145,-1.9832
2777,-2.3203,-2.4135
2778,-1.2831,-1.316
2779,-1.5344,-1.6645
2780,-2.3054,-1.9731
2781,-1.9579,-2.169
2782,-2.1028,-1.5662
2783,-2.0929,-2.1043
2784,-1.5806,-1.3208
2785,-1.3156,-1.37
2786,-1.0441,-1.1217
2787,-1.7485,-1.8246
2788,-1.8022,-1.7368
2789,-1.8168,-1.5114
2790,-1.6781,-1.6304
2791,-0.868,-0.611
2792,-1.6065,-1.4188
2793,-1.9861,-2.2115
2794,-0.4995,-0.5486
2795,-1.5059,-1.5072
2796,-2.2999,-2.2906
2797,-1.9772,-1.7658
2798,-2.0054,-2.3381
2799,-1.8498,-1.5745
2800,-1.2943,-1.6084
2801,-2.1962,-2.2366
2802,-1.4431,-1.5621
2803,-1.0732,-1.1531
2804,-1.9193,-1.5114
2805,-1.1945,-0.7167
2806,-2.9623,-2.4632
2807,-1.3513,-1.1942
2808,-1.443,-1.2654
2809,-1.4258,-1.0524
2810,-2.3227,-2.2532
2811,-1.8183,-1.8291
2812,-1.367,-1.8712
2813,-0.9839,-0.6787
2814,-1.221,-0.8323
2815,-2.2826,-2.6216
2816,-1.7103,-1.8331
2817,-1.2178,-1.5294
2818,-1.4625,-1.7559
2819,-1.0975,-0.9818
2820,-1.1899,-0.8431
2821,-1.5533,-1.5963
2822,-1.9019,-1.8442
2823,-1.9804,-2.361
2824,-2.0882,-2.1648
2825,-0.9742,-0.9669
2826,-1.0635,-0.865
2827,-1.4245,-1.0902
2828,-1.3846,-1.4653
2829,-1.8429,-2.1892
2830,-1.7098,-1.8458
2831,-1.0544,-0.9766
2832,-1.3496,-1.5798
2833,-2.6276,-2.6621
2834,-1.1657,-0.847
2835,-1.8244,-2.0719
2836,-0.18,-0.214
2837,-1.8165,-1.8233
2838,-2.0088,-2.1124
2839,-1.2445,-1.697
2840,-1.9875,-1.8305
2841,-1.6191,-1.2037
2842,-1.8676,-1.6972
2843,-1.5666,-1.118
2844,-1.6024,-1.7303
2845,-1.4335,-1.5681
2846,-1.1204,-1.5706
2847,-1.4033,-1.7149
2848,-1.975,-1.3841
2849,-0.5568,-0.2681
2850,-1.233,-0.5766
2851,-2.2787,-2.3006
2852,-2.0343,-1.961
2853,-1.4624,-1.7909
2854,-1.6893,-1.3066
2855,-1.8216,-2.0797
2856,-1.856,-1.7922
2857,-1.4828,-1.4118
2858,-1.6388,-1.4469
2859,-1.6028,-1.5656
2860,-0.905,-0.7591
2861,-1.5926,-2.0282
2862,-0.8394,-0.9858
2863,-1.6382,-0.9087
2864,-1.2113,-1.3393
2865,-2.3079,-2.3536
2866,-1.8079,-1.7915
2867,-2.1482,-2.0272
2868,-1.7448,-1.6398
2869,-0.4252,-0.5399
2870,-1.641,-1.5699
2871,-1.5466,-1.8339
2872,-2.1744,-2.0294
2873,-1.2829,-1.3355
2874,-0.4395,-0.1922
2875,-2.0181,-2.1705
2876,-1.0854,-1.3885
2877,-1.5504,-1.2925
2878,-2.031,-1.7541
2879,-0.7944,-1.1807
2880,-1.1166,-1.3737
2881,-2.3225,-2.108
2882,-2.0193,-2.1402
2883,-1.4715,-1.0765
2884,-1.7095,-2.1204
2885,-1.8626,-1.8448
2886,-2.0455,-1.4509
2887,-0.7832,-0.9921
2888,-0.5944,-1.1385
2889,-1.446,-1.7044
2890,-0.9524,-0.7513
2891,-1.1786,-1.3619
2892,-0.9585,-1.0343
2893,-1.7066,-2.0174
2894,-2.0564,-1.7185
2895,-1.3617,-0.9885
2896,-1.9355,-2.3303
2897,-0.7552,-0.9003
2898,-1.8291,-1.5726
2899,-1.4686,-1.4171
2900,-0.9343,-0.8009
2901,-1.2727,-0.9383
2902,-1.7403,-1.4579
2903,-1.7897,-1.8234
2904,-1.643,-1.8786
2905,-1.6669,-1.6574
2906,-0.9274,-0.5513
2907,-2.0231,-1.4664
2908,-2.1186,-1.8139
2909,-1.1288,-0.8915
2910,-1.5493,-1.9376
2911,-3.0193,-3.19
2912,-1.2908,-1.5555
2913,-1.7267,-1.565
2914,-1.047,-1.5027
2915,-1.9777,-1.6964
2916,-1.8388,-1.6608
2917,-1.3281,-1.1473
2918,-1.599,-1.5292
2919,-1.7191,-1.8259
2920,-2.1201,-2.0587
2921,-1.8522,-1.467
2922,-1.8748,-1.855
2923,-1.6749,-1.5582
2924,-1.4309,-1.1938
2925,-1.8592,-1.8308
2926,-2.3232,-2.2481
2927,-1.0503,-1.2386
2928,-1.006,-0.8033
2929,-1.589,-1.759
2930,-2.25,-2.3374
2931,-0.9939,-0.6128
2932,-1.9982,-2.2525
2933,-1.1462,-1.3693
2934,-2.5112,-2.5388
2935,-1.2329,-0.9536
2936,-1.7495,-1.1478
2937,-0.9453,-0.5827
2938,-1.1949,-1.132
2939,-2.0338,-2.1449
2940,-2.3021,-2.4745
2941,-1.5112,-0.9908
2942,-0.7278,-0.9381
2943,-2.3948,-2.5165
2944,-1.0297,-1.0968
2945,-2.2714,-2.239
2946,-1.4254,-2.0387
2947,-1.5829,-1.7518
2948,-1.9985,-2.1384
2949,-2.4036,-2.6136
2950,-1.4825,-1.5464
2951,-2.0605,-2.091
2952,-2.2169,-1.9778
2953,-1.059,-1.2985
2954,-0.785,-0.5694
2955,-1.7454,-1.7646
2956,-0.9442,-0.9183
2957,-0.8421,-0.7211
2958,-1.7995,-1.8879
2959,-1.9509,-2.0022
2960,-1.4954,-1.6584
2961,-1.8723,-1.8682
2962,-1.632,-1.5335
2963,-0.9328,-1.006
2964,-2.3971,-1.9879
2965,-1.5667,-1.4194
2966,-2.3592,-2.8111
2967,-0.9958,-0.8346
2968,-1.5197,-1.6261
2969,-1.6695,-1.3998
2970,-0.6877,-0.7616
2971,-2.3777,-2.7931
2972,-0.7926,-0.6914
2973,-1.681,-1.4677
2974,-2.0499,-2.3587
2975,-0.3932,-0.7705
2976,-0.8152,-0.7067
2977,-2.2384,-2.5334
2978,-2.0747,-2.1126
2979,-1.9857,-2.2643
2980,-2.0135,-1.9217
2981,-2.2355,-2.3377
2982,-0.7948,-0.4526
2983,-1.6418,-1.2033
2984,-1.8199,-1.6796
2985,-1.8714,-2.0843
2986,-2.0115,-1.9893
2987,-1.639,-1.2253
2988,-1.7527,-1.6346
2989,-1.7797,-2.2049
2990,-2.2025,-2.0398
2991,-1.0791,-0.8039
2992,-1.7852,-2.1324
2993,-0.9292,-0.8426
2994,-1.8933,-2.0036
2995,-1.5459,-1.5613
2996,-1.371,-0.8967
2997,-0.6607,-0.3103
2998,-1.4698,-1.037
2999,-1.7479,-1.745
3000,-1.7901,-1.9323
3001,-1.88,-2.0424
3002,-1.5637,-1.7139
3003,-1.2274,-1.1919
3004,-1.4471,-1.0989
3005,-2.5533,-2.3803
3006,-0.9286,-0.8645
3007,-1.2709,-1.1908
3008,-1.8412,-2.2773
3009,-1.4458,-1.4896
3010,-1.4639,-1.4392
3011,-2.6108,-2.2535
3012,-1.9978,-2.0545
3013,-1.9923,-1.9749
3014,-1.2299,-1.6566
3015,-1.4828,-0.9517
3016,-1.4202,-1.4053
3017,-1.9183,-1.6791
3018,-1.9348,-2.2776
3019,-1.3454,-1.5826
3020,-1.6389,-1.6379
3021,-2.1275,-2.4061
3022,-1.6294,-2.1132
3023,-1.7365,-1.6233
3024,-1.2759,-1.2704
3025,-1.0997,-1.4527
3026,-0.7222,-1.3663
3027,-1.2157,-1.3446
3028,-1.9942,-1.7941
3029,-0.7246,-0.6883
3030,-2.2714,-1.8331
3031,-1.5924,-1.9774
3032,-2.271,-2.3457
3033,-1.7122,-1.5654
3034,-2.115,-2.0794
3035,-1.6616,-1.2045
3036,-1.9743,-2.0709
3037,-2.0586,-1.5194
3038,-1.7494,-1.3159
3039,-2.0224,-1.9733
3040,-2.1572,-1.9682
3041,-1.3564,-1.1162
3042,-1.5741,-1.736
3043,-1.449,-1.224
3044,-0.4515,-0.8041
3045,-1.6854,-1.5916
3046,-1.8091,-1.7432
3047,-1.8511,-1.9481
3048,-1.273,-0.9876
3049,-1.1068,-1.0123
3050,-2.029,-2.0723
3051,-1.3339,-1.0744
3052,-1.0085,-0.8819
3053,-0.4339,-0.2323
3054,-1.9769,-2.3441
3055,-1.6444,-2.0766
3056,-2.2092,-2.0374
3057,-1.0786,-1.4743
3058,-2.2575,-2.466
3059,-1.5603,-1.6187
3060,-1.2781,-1.194
3061,-2.3413,-2.0598
3062,-2.0762,-1.7184
3063,-2.1923,-1.9226
3064,-1.6925,-1.8374
3065,-2.4029,-2.7925
3066,-1.0849,-0.6308
3067,-1.7948,-2.0804
3068,-1.4807,-1.306
3069,-2.0833,-1.3852
3070,-1.9656,-1.8039
3071,-1.4458,-1.2522
3072,-1.5999,-1.1328
3073,-1.8736,-2.0276
3074,-1.8352,-1.6254
3075,-1.4901,-1.6698
3076,-1.5032,-1.2321
3077,-1.6176,-1.4644
3078,-1.2493,-1.1893
3079,-2.447,-2.363
3080,-1.522,-1.7744
3081,-1.738,-1.6978
3082,-2.2415,-2.0295
3083,-0.7228,-1.0485
3084,-0.3324,-0.1495
3085,-1.4085,-1.041
3086,-1.2365,-1.2658
3087,-2.2506,-2.1531
3088,-1.4175,-1.4808
3089,-1.5876,-1.475
3090,-1.8068,-1.9393
3091,-1.6102,-1.3323
3092,-1.7585,-1.8056
3093,-1.1934,-1.2789
3094,-1.4639,-1.7413
3095,-1.1562,-0.9141
3096,-1.7617,-2.014
3097,-1.5985,-1.6773
3098,-1.5715,-1.5199
3099,-1.7488,-1.7
3100,-0.9505,-0.6638
3101,-1.0842,-1.049
3102,-1.0184,-1.0556
3103,-0.785,-0.8297
3104,-2.274,-2.4779
3105,-1.3922,-1.1796
3106,-1.527,-1.3454
3107,-0.883,-1.1324
3108,-2.1028,-2.0905
3109,-1.3956,-1.216
3110,-1.3699,-1.322
3111,-2.9197,-2.6532
3112,-0.5357,-0.3635
3113,-2.0624,-2.2228
3114,-1.8739,-1.7894
3115,-2.5664,-2.5354
3116,-1.8334,-1.9656
3117,-1.8158,-2.0275
3118,-2.0086,-1.8314
3119,-1.7279,-2.027
3120,-1.8013,-1.7992
3121,-1.5717,-1.8142
3122,-0.6154,-0.7116
3123,-2.4458,-2.2968
3124,-1.3576,-1.5728
3125,-1.2715,-1.777
3126,-1.9938,-1.9138
3127,-1.8623,-2.0738
3128,-1.0178,-0.8616
3129,-1.9567,-1.9406
3130,-1.6028,-1.5596
3131,-1.4808,-1.3259
3132,-2.3693,-2.1647
3133,-1.5878,-1.8261
3134,-1.5353,-1.4922
3135,-1.6824,-1.4767
3136,-1.6934,-1.6944
3137,-2.2557,-2.4361
3138,-2.3671,-2.0628
3139,-2.453,-2.3464
3140,-1.0198,-1.066
3141,-1.9655,-1.8497
3142,-1.7144,-1.5082
3143,-1.9817,-1.7711
3144,-2.2381,-2.1701
3145,-1.815,-1.9925
3146,-0.9796,-1.2039
3147,-1.0556,-0.8481
3148,-1.6104,-1.8196
3149,-1.125,-1.1092
3150,-1.7461,-1.6847
3151,-1.9827,-2.4664
3152,-2.5642,-2.4788
3153,-1.1595,-0.9759
3154,-0.3798,-0.1584
3155,-1.3802,-1.2957
3156,-1.2941,-1.4518
3157,-2.2175,-2.2744
3158,-2.6289,-2.3712
3159,-1.5815,-1.7472
3160,-1.4121,-1.4423
3161,-1.5221,-1.7871
3162,-2.4249,-2.5428
3163,-1.5117,-1.5196
3164,-1.5931,-1.4551
3165,-1.717,-1.835
3166,-2.1855,-2.1071
3167,-1.9521,-1.6953
3168,-0.7503,-0.9592
3169,-1.5699,-1.3177
3170,-0.578,-0.7519
3171,-1.9815,-2.0208
3172,-2.104,-1.6249
3173,-2.0507,-2.4136
3174,-1.581,-1.6144
3175,-2.3657,-2.257
3176,-1.6536,-1.6221
3177,-1.5216,-1.5992
3178,-1.4959,-1.3761
3179,-1.7145,-1.529
3180,-0.9418,-0.9457
3181,-2.5018,-2.3356
3182,-1.001,-0.8018
3183,-1.6232,-1.7291
3184,-2.4807,-2.2385
3185,-1.3935,-1.4956
3186,-2.1671,-2.0325
3187,-1.7352,-1.7326
3188,-2.1528,-1.5771
3189,-1.34,-1.075
3190,-1.9512,-2.2525
3191,-1.5511,-2.02
3192,-1.6835,-1.7652
3193,-1.9661,-1.8181
3194,-1.0545,-0.613
3195,-0.5635,-0.7485
3196,-0.6587,-1.0721
3197,-0.9224,-1.1793
3198,-1.0539,-1.341
3199,-1.6768,-1.5771
3200,-2.1044,-1.9847
3201,-1.8094,-1.645
3202,-1.2357,-1.1344
3203,-1.1291,-1.6337
3204,-1.0052,-1.1813
3205,-2.2268,-2.1174
3206,-1.3728,-1.6109
3207,-2.1089,-2.037
3208,-1.5414,-1.6816
3209,-1.3308,-1.2462
3210,-1.6793,-1.6657
3211,-1.3951,-1.2598
3212,-1.4949,-1.8493
3213,-2.1471,-1.8904
3214,-2.5425,-2.3402
3215,-2.1246,-1.8276
3216,-2.0561,-2.1522
3217,-2.5526,-2.628
3218,-2.2156,-2.1299
3219,-2.028,-2.0029
3220,-0.9315,-1.1521
3221,-1.4095,-1.2269
3222,-1.2228,-1.1982
3223,-1.6954,-1.2819
3224,-1.6038,-1.3402
3225,-1.4983,-1.2566
3226,-0.5018,-0.5154
3227,-0.3835,-0.6645
3228,-1.1149,-1.5935
3229,-0.2447,0.0777
3230,-1.6641,-1.9171
3231,-1.4573,-1.572
3232,-1.6284,-1.9643
3233,-1.653,-1.3258
3234,-2.1249,-2.0505
3235,-1.6278,-1.5697
3236,-1.0705,-1.0231
3237,-1.5437,-1.3652
3238,-1.4713,-1.124
3239,-1.6319,-1.5178
3240,-2.3461,-2.0449
3241,-1.63,-1.3652
3242,-2.456,-2.7396
3243,-2.6503,-2.6408
3244,-1.9498,-1.7361
3245,-1.5535,-1.9155
3246,-0.827,-0.8017
3247,-1.3785,-1.1978
3248,-2.2274,-1.9861
3249,-0.9406,-1.7362
3250,-2.0995,-1.6831
3251,-1.0457,-0.8835
3252,-1.2256,-1.3528
3253,-1.5282,-1.564
3254,-0.8988,-1.1365
3255,-1.3232,-1.6611
3256,-1.6028,-1.6672
3257,-1.2691,-1.927
3258,-1.1619,-0.9456
3259,-1.8191,-1.7624
3260,-1.4962,-1.4753
3261,-2.0839,-1.9093
3262,-2.6603,-2.7868
3263,-1.5299,-1.3867
3264,-1.479,-1.8976
3265,-2.2363,-2.1009
3266,-1.5693,-1.7474
3267,-1.7391,-1.9386
3268,-1.5914,-1.2683
3269,-1.5931,-1.465
3270,-1.2602,-1.5979
3271,-1.8564,-1.4779
3272,-1.9103,-2.2371
3273,-1.0376,-1.1076
3274,-2.3083,-2.3392
3275,-1.7245,-1.5559
3276,-1.3621,-1.9465
3277,-1.7267,-1.2013
3278,-1.6569,-1.325
3279,-1.7788,-1.3498
3280,-1.3293,-1.6554
3281,-2.3441,-2.4868
3282,-2.1739,-2.3813
3283,-1.2157,-0.7929
3284,-2.1659,-1.7921
3285,-1.6519,-1.7545
3286,-2.3695,-2.1188
3287,-1.1502,-0.9653
3288,-1.447,-1.7627
3289,-1.6104,-1.4085
3290,-1.0984,-1.2958
3291,-1.9059,-1.8379
3292,-1.367,-0.9775
3293,-1.1492,-0.8672
3294,-0.6337,-0.3596
3295,-1.1312,-1.1348
3296,-1.6355,-1.9777
3297,-1.7497,-1.1565
3298,-1.6458,-1.4301
3299,-1.9284,-2.0095
3300,-2.0033,-1.8599
3301,-1.7787,-1.8747
3302,-1.0322,-0.8736
3303,-1.4473,-1.6308
3304,-1.4902,-1.9057
3305,-1.9962,-1.9698
3306,-2.2545,-2.4741
3307,-1.4429,-1.652
3308,-2.5892,-2.6494
3309,-1.3452,-1.2705
3310,-2.4557,-2.3612
3311,-1.4317,-1.415
3312,-1.3663,-1.0512
3313,-1.3207,-1.5665
3314,-1.4443,-1.7036
3315,-1.1413,-1.0398
3316,-1.9961,-2.11
3317,-2.2271,-2.3193
3318,-0.8192,-1.1994
3319,-1.9256,-1.8977
3320,-1.5071,-1.5538
3321,-1.7645,-2.0744
3322,-1.5273,-1.1107
3323,-1.1422,-0.9663
3324,-2.3084,-2.1229
3325,-1.4723,-1.3161
3326,-2.2349,-2.5446
3327,-1.0247,-1.1464
3328,-0.5631,-0.3311
3329,-1.9538,-1.9931
3330,-1.5947,-1.1967
3331,-2.0456,-1.7457
3332,-1.3999,-1.3511
3333,-1.1732,-1.4747
3334,-1.8058,-1.5536
3335,-1.8005,-1.9467
3336,-1.2241,-1.2585
3337,-1.7719,-1.963
3338,-0.79,-0.9852
3339,-1.6963,-1.4185
3340,-1.4477,-0.961
3341,-2.0167,-2.4418
3342,-0.9875,-1.1537
3343,-0.4963,-0.3721
3344,-2.3582,-2.0503
3345,-1.1355,-0.9267
3346,-0.9932,-1.3062
3347,-1.5961,-2.1546
3348,-1.3506,-1.4222
3349,-1.5122,-1.3052
3350,-2.3773,-2.4961
3351,-1.5614,-1.1423
3352,-1.1034,-1.0631
3353,-1.55,-1.4496
3354,-1.8841,-1.64
3355,-0.6797,-0.7488
3356,-2.2002,-2.2191
3357,-1.7448,-1.6863
3358,-2.2773,-2.3291
3359,-1.009,-0.78
3360,-1.7127,-1.7132
3361,-1.4287,-1.4208
3362,-2.2027,-1.9388
3363,-1.4961,-1.3328
3364,-1.8956,-1.9017
3365,-0.5445,-0.6064
3366,-1.2245,-1.1563
3367,-1.8323,-1.7029
3368,-1.5245,-1.6928
3369,-2.3097,-2.6664
3370,-1.5798,-1.5922
3371,-2.2069,-2.4676
3372,-1.8042,-1.6367
3373,-1.3685,-0.7774
3374,-1.8789,-1.7383
3375,-1.0651,-0.9189
3376,-1.0832,-1.6721
3377,-1.7899,-1.6524
3378,-0.8665,-0.9894
3379,-1.0021,-1.0501
3380,-1.7091,-1.8782
3381,-1.6189,-2.1089
3382,-0.9837,-0.846
3383,-1.2197,-1.2058
3384,-2.3182,-2.2527
3385,-1.9647,-2.2396
3386,-2.0351,-2.1245
3387,-1.9409,-2.2423
3388,-1.4364,-1.1623
3389,-1.2948,-1.2
3390,-2.0815,-2.7012
3391,-0.9846,-0.8049
3392,-2.7884,-2.6285
3393,-2.1805,-2.4497
3394,-1.9232,-2.0351
3395,-1.2289,-1.4079
3396,-2.2897,-1.9937
3397,-1.6285,-1.7953
3398,-2.1527,-2.1075
3399,-1.416,-1.801
3400,-1.8053,-2.0141
3401,-0.7052,-0.8642
3402,-1.3135,-1.2705
3403,-1.5485,-1.4459
3404,-1.6783,-1.6737
3405,-1.2138,-1.0197
3406,-1.4456,-1.2694
3407,-1.2666,-1.3921
3408,-1.9227,-1.9896
3409,-0.9793,-0.989
3410,-1.3418,-1.3481
3411,-1.3843,-1.3776
3412,-2.2417,-2.5426
3413,-1.7883,-1.904
3414,-2.5222,-2.268
3415,-1.5873,-1.3488
3416,-2.4683,-2.4022
3417,-1.5887,-1.7784
3418,-2.1412,-1.9916
3419,-1.8787,-1.7501
3420,-1.4066,-1.5557
3421,-2.2075,-2.1796
3422,-1.2493,-1.3115
3423,-1.7766,-1.7524
3424,-2.115,-2.1581
3425,-1.239,-1.0405
3426,-1.4072,-1.6665
3427,-1.9881,-2.1685
3428,-1.7293,-1.8941
3429,-1.6312,-1.5089
3430,-1.4051,-1.2799
3431,-0.9418,-0.8784
3432,-2.1279,-2.4579
3433,-1.3906,-1.1577
3434,-1.7486,-1.7759
3435,-2.9406,-3.0666
3436,-1.6031,-2.0079
3437,-0.8482,-0.7967
3438,-1.5904,-1.8312
3439,-1.1895,-1.0632
3440,-1.9903,-1.8526
3441,-1.2395,-0.5189
3442,-1.0545,-1.4038
3443,-0.9552,-1.3248
3444,-1.3953,-1.6783
3445,-1.3752,-1.524
3446,-1.9677,-1.4957
3447,-1.6734,-1.4134
3448,-1.2068,-1.0834
3449,-2.1157,-2.0503
3450,-0.7259,-0.8354
3451,-1.4192,-0.9656
3452,-2.1447,-2.4397
3453,-1.7495,-1.4576
3454,-1.5048,-1.442
3455,-1.0294,-0.6193
3456,-2.0318,-2.1545
3457,-2.1739,-2.2523
3458,-1.7443,-1.9216
3459,-2.204,-1.7241
3460,-2.0843,-1.9194
3461,-2.0203,-2.3474
3462,-1.0002,-0.6959
3463,-2.3263,-2.2807
3464,-1.3268,-1.6237
3465,-2.2226,-1.8066
3466,-2.0605,-1.8039
3467,-0.8232,-1.0907
3468,-2.023,-2.4575
3469,-1.2505,-1.1735
3470,-1.0736,-1.0452
3471,-1.7531,-2.3216
3472,-1.9178,-1.6911
3473,-1.1061,-1.1982
3474,-2.1246,-2.2928
3475,-1.8452,-1.3764
3476,-0.7899,-0.9556
3477,-0.4702,-1.0858
3478,-0.8263,-0.9303
3479,-2.639,-2.8338
3480,-1.963,-2.0424
3481,-1.916,-2.1803
3482,-1.9239,-1.8613
3483,-0.9747,-0.8013
3484,-0.9997,-0.8441
3485,-1.3817,-1.1239
3486,-2.1184,-2.2355
3487,-1.6063,-1.6249
3488,-1.2276,-1.0252
3489,-1.677,-1.7266
3490,-2.3339,-2.5405
3491,-1.8095,-1.6619
3492,-1.2503,-1.0725
3493,-1.3723,-1.0052
3494,-1.4387,-1.3463
3495,-1.9523,-1.648
3496,-1.7628,-1.3066
3497,-1.5268,-1.8049
3498,-2.5545,-2.3026
3499,-2.278,-2.1057
3500,-1.1677,-1.118
3501,-0.9394,-0.8068
3502,-2.6381,-2.3812
3503,-1.783,-2.1547
3504,-1.939,-2.1013
3505,-1.3415,-1.4355
3506,-1.2614,-1.3967
3507,-1.8336,-1.9676
3508,-1.9521,-1.6839
3509,-2.3179,-2.6154
3510,-1.261,-1.2651
3511,-1.5098,-1.406
3512,-2.1509,-2.0018
3513,-1.1063,-1.0249
3514,-1.437,-1.3436
3515,-1.6054,-1.7732
3516,-0.9511,-0.8868
3517,-1.7814,-1.9285
3518,-1.2941,-1.4699
3519,-1.5137,-1.6021
3520,-2.2557,-2.0611
3521,-1.4145,-1.0721
3522,-1.3748,-1.2602
3523,-1.2169,-1.3872
3524,-2.0228,-1.6639
3525,-1.6709,-1.5903
3526,-1.0824,-1.0484
3527,-1.5828,-1.1891
3528,-2.3016,-1.9096
3529,-1.94,-1.6968
3530,-1.6901,-1.58
3531,-0.0733,-0.4613
3532,-1.2225,-1.0783
3533,-1.1785,-0.9663
3534,-1.2971,-1.6754
3535,-2.5308,-2.5311
3536,-2.1543,-2.2173
3537,-1.1177,-0.8293
3538,-1.7711,-1.5431
3539,-0.9711,-1.4175
3540,-1.5846,-1.6298
3541,-1.7896,-1.7713
3542,-0.8786,-0.8886
3543,-1.1942,-0.9302
3544,-1.3075,-1.0291
3545,-0.9146,-0.7707
3546,-2.7867,-3.0937
3547,-1.4423,-1.4906
3548,-1.9614,-2.1162
3549,-1.2062,-1.2597
3550,-1.2307,-1.1812
3551,-0.9066,-0.7938
3552,-1.8986,-1.7594
3553,-0.4768,-0.3703
3554,-2.0022,-2.2283
3555,-1.0997,-1.1947
3556,-2.2918,-2.526
3557,-1.3628,-1.3271
3558,-2.5866,-2.7229
3559,-1.1522,-1.3723
3560,-1.3468,-1.6424
3561,-1.7866,-1.5692
3562,-1.7676,-1.4607
3563,-1.529,-1.7142
3564,-1.6933,-1.5701
3565,-2.0244,-2.3813
3566,-2.0871,-2.1396
3567,-2.3981,-2.4585
3568,-1.9301,-1.4756
3569,-1.659,-1.8196
3570,-2.3464,-2.628
3571,-1.4129,-1.6187
3572,-1.1927,-1.7072
3573,-1.9575,-1.9052
3574,-2.6887,-2.7324
3575,-1.9353,-1.5866
3576,-1.709,-1.6755
3577,-2.3361,-1.9462
3578,-2.1,-2.02
3579,-1.4735,-1.4157
3580,-1.8018,-2.1689
3581,-1.8623,-1.6791
3582,-1.8239,-1.2244
3583,-1.1428,-0.9853
3584,-2.2258,-2.1802
3585,-2.2285,-2.1263
3586,-1.7038,-1.7226
3587,-2.5636,-2.2135
3588,-2.258,-2.0972
3589,-1.5477,-1.9145
3590,-1.4041,-1.273
3591,-1.7002,-1.49
3592,-1.3149,-1.5729
3593,-1.6546,-1.7493
3594,-1.806,-1.6962
3595,-1.0036,-1.1806
3596,-1.2271,-0.8716
3597,-1.3136,-1.0508
3598,-2.2223,-2.1659
3599,-1.476,-1.1869
3600,-1.7737,-1.8098
3601,-0.9361,-0.4976
3602,-1.715,-2.1722
3603,-1.5345,-1.6475
3604,-1.4527,-1.4673
3605,-2.491,-2.8047
3606,-2.2878,-2.3785
3607,-1.8827,-1.6169
3608,-1.5161,-1.1439
3609,-1.3969,-1.58
3610,-2.1151,-2.1229
3611,-2.3738,-2.913
3612,-1.4544,-1.8223
3613,-1.4055,-1.5584
3614,-2.2792,-1.5274
3615,-1.5765,-1.4278
3616,-1.9317,-1.7322
3617,-1.6922,-1.6262
3618,-0.9971,-0.7921
3619,-1.962,-2.0335
3620,-1.4764,-1.6109
3621,-2.1177,-1.6829
3622,-1.376,-1.5567
3623,-0.0427,0.0583
3624,-2.1585,-2.1311
3625,-1.8865,-1.749
3626,-1.6515,-1.5453
3627,-1.3802,-1.7496
3628,-1.4917,-1.5863
3629,-0.7426,-0.6621
3630,-1.4374,-1.5216
3631,-0.9739,-0.8156
3632,-0.878,-0.6376
3633,-1.8751,-1.7366
3634,-1.5471,-1.2707
3635,-1.7965,-1.7461
3636,-2.6369,-2.7755
3637,-1.2448,-1.3531
3638,-1.8678,-1.5781
3639,-1.4224,-1.7631
3640,-1.4981,-1.5888
3641,-1.9272,-2.0529
3642,-1.4449,-1.2376
3643,-0.8048,-0.8638
3644,-1.4919,-1.1904
3645,-1.7058,-1.7058
3646,-1.7987,-1.8124
3647,-0.6307,-0.699
3648,-2.3342,-2.0373
3649,-1.6551,-1.5415
3650,-0.3647,-0.4637
3651,-0.999,-1.1386
3652,-1.6398,-1.6482
3653,-1.9171,-1.9708
3654,-1.7963,-1.5376
3655,-2.0056,-2.231
3656,-1.8382,-1.7891
3657,-2.0791,-1.992
3658,-2.1075,-1.8864
3659,-1.3362,-1.2358
3660,-1.6828,-2.1505
3661,-1.1708,-0.8754
3662,-0.8025,-0.8607
3663,-1.0609,-1.1443
3664,-2.2265,-2.3859
3665,-0.6987,-0.7554
3666,-2.0525,-2.0078
3667,-1.5651,-1.7287
3668,-1.0942,-0.8247
3669,-1.3587,-1.324
3670,-1.4718,-1.08
3671,-1.3992,-0.8191
3672,-2.1928,-2.0
3673,-1.7157,-1.2711
3674,-0.924,-0.5956
3675,-1.6524,-1.5953
3676,-0.9123,-0.8329
3677,-1.2382,-1.1809
3678,-2.7547,-2.2801
3679,-1.6631,-1.3972
3680,-1.4158,-1.2643
3681,-1.7144,-1.6409
3682,-1.8829,-1.3998
3683,-1.5966,-1.3247
3684,-1.468,-1.3944
3685,-0.799,-0.4639
3686,-2.0234,-2.5616
3687,-1.5998,-1.3874
3688,-2.6545,-2.2317
3689,-2.8258,-3.1317
3690,-0.9099,-0.7662
3691,-0.7296,-0.6744
3692,-0.9646,-0.7396
3693,-1.9001,-1.6803
3694,-1.5299,-1.526
3695,-0.2554,-0.2495
3696,-1.4561,-1.384
3697,-2.2023,-1.972
3698,-1.107,-0.7178
3699,-1.7269,-1.494
3700,-1.0033,-1.2567
3701,-1.5094,-1.4956
3702,-1.66,-1.8502
3703,-1.4973,-1.1631
3704,-2.4468,-2.0742
3705,-1.2567,-0.9515
3706,-1.9385,-2.3833
3707,-1.4815,-1.4761
3708,-1.9789,-2.0638
3709,-1.0927,-1.1807
3710,-1.8344,-1.9433
3711,-2.623,-2.2437
3712,-0.8246,-0.8761
3713,-1.2031,-1.3911
3714,-2.5332,-2.742
3715,-1.5533,-1.9406
3716,-2.4052,-2.5267
3717,-1.7046,-1.9242
3718,-1.7725,-1.7837
3719,-1.5022,-0.9312
3720,-1.6259,-1.7655
3721,-1.2791,-1.3634
3722,-1.8659,-1.6533
3723,-1.7358,-2.0427
3724,-0.7172,-0.8392
3725,-1.6407,-1.0372
3726,-1.7049,-1.9765
3727,-1.5452,-1.5338
3728,-1.423,-1.4864
3729,-1.352,-0.8287
3730,-1.8743,-1.5148
3731,-1.7182,-1.9064
3732,-1.1024,-1.2395
3733,-1.8462,-1.801
3734,-1.163,-1.1582
3735,-0.9065,-1.5224
3736,-1.3643,-1.5202
3737,-1.3261,-1.3355
3738,-2.2336,-2.0924
3739,-1.9232,-1.5569
3740,-1.053,-0.8826
3741,-1.8933,-1.387
3742,-0.3227,-0.3336
3743,-1.311,-0.8097
3744,-1.5561,-1.3128
3745,-1.3234,-0.6854
3746,-1.8825,-1.6755
3747,-1.6275,-1.6785
3748,-1.3761,-1.8302
3749,-1.3118,-1.0588
3750,-0.7763,-0.7461
3751,-2.5704,-2.6029
3752,-1.3217,-1.5095
3753,-1.7644,-1.709
3754,-2.404,-2.3452
3755,-2.0952,-2.1103
3756,-2.0393,-1.5127
3757,-1.655,-1.3244
3758,-1.7518,-1.8212
3759,-1.9129,-1.6342
3760,-1.6395,-1.1654
3761,-1.6292,-1.3475
3762,-0.9493,-1.0732
3763,-1.465,-1.5466
3764,-1.9313,-2.0761
3765,-2.071,-1.7905
3766,-1.3932,-1.3567
3767,-1.6448,-2.1235
3768,-2.2783,-2.2302
3769,-1.4445,-1.4628
3770,-1.7787,-1.8099
3771,-1.2971,-1.6444
3772,-1.8209,-1.5425
3773,-1.972,-1.9519
3774,-1.8978,-2.1596
3775,-1.2824,-1.088
3776,-1.8555,-1.9174
3777,-0.9492,-0.6064
3778,-1.524,-1.5707
3779,-1.2647,-1.3689
3780,-1.9601,-2.0955
3781,-1.5683,-1.3517
3782,-1.4143,-1.2191
3783,-1.5045,-1.5945
3784,-2.1063,-2.0282
3785,-1.9273,-1.5851
3786,-1.7468,-1.7605
3787,-1.4764,-1.2774
3788,-2.0362,-1.5378
3789,-0.731,-1.1201
3790,-1.5137,-1.3377
3791,-1.8928,-1.8345
3792,-0.7862,-0.9177
3793,-1.9035,-1.9914
3794,-1.5415,-1.9724
3795,-2.1217,-2.2999
3796,-1.931,-1.6857
3797,-1.8252,-1.5618
3798,-1.8168,-1.4027
3799,-1.7916,-1.4839
3800,-1.9893,-1.3415
3801,-1.6165,-1.1551
3802,-0.7322,-0.4257
3803,-1.8565,-2.0031
3804,-1.3885,-1.2048
3805,-1.4224,-1.4157
3806,-1.6192,-1.6026
3807,-2.4339,-2.4878
3808,-1.8804,-1.6304
3809,-1.1424,-1.5702
3810,-0.9008,-0.8769
3811,-1.4977,-1.4159
3812,-1.5874,-1.9733
3813,-1.5179,-1.8073
3814,-1.7163,-2.1419
3815,-1.1905,-1.241
3816,-2.0755,-1.9964
3817,-2.4276,-1.7924
3818,-1.9753,-2.2613
3819,-1.5296,-1.3837
3820,-1.3547,-1.3957
3821,-1.3096,-1.4155
3822,-1.1727,-1.1256
3823,-1.5946,-1.6863
3824,-2.1651,-2.1209
3825,-2.1042,-1.7554
3826,-1.6318,-1.4771
3827,-1.4168,-1.2521
3828,-1.3247,-1.2836
3829,-1.2156,-1.4007
3830,-1.3728,-1.1904
3831,-1.663,-1.5494
3832,-1.3252,-1.5664
3833,-1.3118,-1.5319
3834,-0.8489,-0.7874
3835,-0.8225,-0.2343
3836,-1.6535,-1.4677
3837,-1.1398,-1.0835
3838,-1.1218,-1.4337
3839,-2.0856,-2.1046
3840,-1.2979,-1.2014
3841,-1.5393,-1.6236
3842,-1.3736,-1.1345
3843,-1.4829,-1.3729
3844,-2.3807,-2.4288
3845,-1.4379,-1.105
3846,-1.207,-1.4499
3847,-3.2144,-3.0427
3848,-1.6343,-2.2219
3849,-0.731,-0.8673
3850,-1.1474,-1.1488
3851,-1.9239,-1.8039
3852,-1.7714,-1.3794
3853,-2.0971,-2.2621
3854,-2.1135,-2.2806
3855,-2.3242,-1.8269
3856,-2.6686,-2.6442
3857,-1.9125,-2.2537
3858,-1.5294,-1.7745
3859,-2.055,-1.8767
3860,-1.5664,-1.6422
3861,-1.6599,-1.6606
3862,-1.8448,-1.817
3863,-2.3663,-1.7541
3864,-0.7039,-0.9157
3865,-2.5376,-2.0893
3866,-1.3508,-1.239
3867,-3.0428,-2.6563
3868,-1.0072,-1.0697
3869,-1.1826,-1.2458
3870,-1.7994,-1.5745
3871,-1.4361,-1.4742
3872,-1.3149,-1.4353
3873,-2.0827,-1.6364
3874,-1.6801,-1.3204
3875,-1.1253,-0.5391
3876,-0.4019,-0.5616
3877,-1.1999,-0.9324
3878,-1.3967,-1.4852
3879,-1.8017,-1.4015
3880,-1.3843,-1.0209
3881,-2.0382,-2.1482
3882,-1.8742,-2.0513
3883,-1.8623,-1.7241
3884,-1.33,-1.4205
3885,-2.1721,-2.094
3886,-1.7171,-1.3849
3887,-1.1905,-1.6415
3888,-2.0727,-2.0
3889,-1.5634,-1.5693
3890,-1.0926,-0.6952
3891,-1.6433,-1.5608
3892,-1.2645,-0.9312
3893,-1.2006,-1.037
3894,-1.494,-1.3134
3895,-2.5939,-2.6321
3896,-1.8538,-1.9121
3897,-1.4315,-1.7937
3898,-1.6346,-1.8272
3899,-2.2661,-2.172
3900,-1.053,-0.968
3901,-1.4841,-1.4534
3902,-1.3105,-1.632
3903,-1.9457,-1.4645
3904,-1.7223,-1.8518
3905,-0.7613,-0.8666
3906,-2.0419,-2.1973
3907,-1.3836,-1.283
3908,-1.6874,-1.2907
3909,-1.725,-2.2253
3910,-2.462,-2.8255
3911,-2.4828,-2.9434
3912,-2.2664,-2.6415
3913,-1.3936,-1.7223
3914,-2.4228,-2.6309
3915,-0.8015,-1.141
3916,-1.7799,-2.0622
3917,-2.7511,-2.9224
3918,-1.1691,-1.2159
3919,-1.3646,-0.6877
3920,-2.2799,-2.4084
3921,-1.4391,-1.9565
3922,-1.1924,-1.5049
3923,-1.6907,-1.4442
3924,-1.5585,-1.5877
3925,-1.1217,-0.8687
3926,-1.4236,-1.3526
3927,-1.7503,-1.4816
3928,-0.4812,-0.3106
3929,-1.8332,-1.986
3930,-1.8938,-2.0027
3931,-1.2724,-1.5147
3932,-1.1864,-0.8898
3933,-0.8654,-0.9002
3934,-1.6023,-1.5285
3935,-1.2196,-1.1194
3936,-2.0211,-2.3699
3937,-1.8507,-2.0273
3938,-1.321,-1.3984
3939,-1.879,-1.7812
3940,-1.4137,-1.4881
3941,-1.6424,-1.8244
3942,-1.1444,-1.1349
3943,-1.027,-0.6162
3944,-2.0444,-2.5505
3945,-2.249,-2.0021
3946,-2.2826,-2.5861
3947,-2.4327,-2.0555
3948,-1.2391,-1.4328
3949,-1.0041,-0.6529
3950,-1.6303,-1.5937
3951,-1.7731,-1.5186
3952,-2.0276,-2.1129
3953,-2.8537,-2.6844
3954,-2.0585,-2.1747
3955,-1.7777,-1.5024
3956,-2.1159,-2.3319
3957,-1.1048,-0.9481
3958,-2.3967,-2.2849
3959,-1.6592,-1.6467
3960,-1.8806,-1.4848
3961,-1.7076,-1.3866
3962,-1.7959,-1.7069
3963,-1.3749,-1.3049
3964,-2.4554,-2.1233
3965,-2.3248,-1.9673
3966,-0.8183,-0.7826
3967,-1.6312,-1.5518
3968,-1.1259,-1.1438
3969,-0.603,-0.6332
3970,-1.5616,-1.611
3971,-1.7359,-1.6505
3972,-1.9894,-2.2262
3973,-1.5702,-1.7059
3974,-1.0279,-0.6776
3975,-2.0047,-2.2793
3976,-1.1181,-1.0951
3977,-1.3258,-1.3275
3978,-1.5947,-1.7544
3979,-1.4015,-1.5231
3980,-2.0912,-1.9564
3981,-1.6405,-1.1707
3982,-1.1283,-1.1727
3983,-1.7673,-1.9941
3984,-1.5566,-1.227
3985,-1.2034,-1.482
3986,-1.7479,-1.8798
3987,-2.7289,-2.495
3988,-1.2867,-1.3156
3989,-1.2452,-1.7563
3990,-1.8059,-1.7311
3991,-2.4698,-2.3498
3992,-1.3859,-1.2573
3993,-1.3984,-1.6072
3994,-1.0806,-1.1296
3995,-1.5878,-1.5473
3996,-1.4922,-1.4311
3997,-1.6915,-1.569
3998,-1.4016,-1.3763
3999,-1.6504,-1.2473
4000,-1.7463,-1.4516
4001,-1.0603,-0.7041
4002,-0.8356,-0.3492
4003,-1.5914,-1.4116
4004,-0.5756,-0.346
4005,-1.5832,-1.6001
4006,-1.5808,-1.6367
4007,-1.33,-1.3384
4008,-0.9091,-0.8864
4009,-1.8788,-2.1435
4010,-1.8875,-1.8871
4011,-0.6849,-0.9269
4012,-0.8963,-1.2162
4013,-2.0749,-1.8549
4014,-1.2699,-1.1822
4015,-1.9535,-1.9776
4016,-1.9295,-1.4491
4017,-2.1446,-2.0365
4018,-1.7072,-1.606
4019,-1.4637,-1.1767
4020,-1.7513,-1.5677
4021,-2.0361,-2.1622
4022,-1.2149,-0.9656
4023,-2.0482,-2.0364
4024,-0.8763,-0.9383
4025,-1.7264,-1.9869
4026,-2.1338,-2.4066
4027,-1.1552,-0.7835
4028,-1.2484,-1.6975
4029,-1.8423,-1.7162
4030,-1.799,-1.7057
4031,-1.553,-1.196
4032,-2.3453,-2.0208
4033,-1.8344,-1.661
4034,-1.7864,-1.475
4035,-1.8154,-1.2664
4036,-2.0462,-1.8058
4037,-2.0678,-1.4578
4038,-1.3316,-1.6087
4039,-1.2679,-1.7591
4040,-1.1133,-0.9914
4041,-1.7747,-1.7878
4042,-2.069,-2.2203
4043,-2.4148,-2.1191
4044,-2.131,-1.9246
4045,-1.7621,-1.5879
4046,-1.6192,-1.811
4047,-1.3285,-1.1462
4048,-1.7079,-1.1711
4049,-1.6178,-1.6043
4050,-1.33,-1.4599
4051,-0.7549,-0.9664
4052,-2.0042,-2.1172
4053,-1.9711,-1.8448
4054,-1.5227,-1.7125
4055,-2.3135,-2.3193
4056,-2.0208,-1.2752
4057,-1.7525,-1.5579
4058,-2.1007,-1.9729
4059,-1.4338,-1.6597
4060,-1.9603,-1.9941
4061,-0.5602,-0.5084
4062,-0.9848,-0.731
4063,-1.8602,-1.3955
4064,-0.8714,-0.6714
4065,-2.5646,-2.3661
4066,-1.31,-1.1438
4067,-0.9524,-1.0772
4068,-0.7255,-0.8893
4069,-1.3381,-1.5589
4070,-1.8192,-2.1715
4071,-1.7909,-1.7258
4072,-1.7777,-1.8631
4073,-2.3137,-2.1681
4074,-2.2248,-2.4362
4075,-1.4511,-1.4409
4076,-0.4542,-0.7416
4077,-2.266,-2.1483
4078,-1.4011,-1.0267
4079,-2.0626,-2.0403
4080,-1.7837,-2.1843
4081,-2.304,-2.4395
4082,-1.7464,-1.7166
4083,-1.9236,-1.6876
4084,-1.2909,-1.5124
4085,-1.7211,-1.6676
4086,-1.9131,-1.7656
4087,-1.5393,-1.4931
4088,-1.3932,-0.7673
4089,-1.4057,-1.8007
4090,-1.4893,-1.2493
4091,-1.9415,-1.9615
4092,-1.2997,-1.3474
4093,-1.2632,-1.081
4094,-1.6825,-1.5033
4095,-1.2103,-1.1473
4096,-1.4297,-1.1925
4097,-1.4606,-1.442
4098,-1.9368,-1.7943
4099,-1.6794,-1.4153
4100,-1.6246,-1.3355
4101,-1.3029,-1.6696
4102,-0.8052,-0.8177
4103,-1.5706,-1.3748
4104,-2.6152,-2.2734
4105,-2.1718,-2.269
4106,-1.0691,-0.8874
4107,-1.4502,-1.6137
4108,-2.1914,-1.9489
4109,-2.0835,-2.0323
4110,-1.9478,-2.0295
4111,-2.065,-1.7089
4112,-1.9084,-2.3116
4113,-1.2672,-1.4298
4114,-1.4275,-1.0309
4115,-2.4688,-1.9374
4116,-1.2844,-1.451
4117,-1.0523,-1.0731
4118,-0.523,-0.6167
4119,-1.5102,-1.4542
4120,-1.3194,-1.5855
4121,-1.8486,-1.2411
4122,-0.8015,-0.8753
4123,-1.5581,-1.3494
4124,-0.6046,-0.7666
4125,-2.455,-2.397
4126,-0.8473,-0.7578
4127,-2.3779,-2.4396
4128,-2.437,-2.1805
4129,-1.1575,-1.072
4130,-1.0315,-0.5217
4131,-1.3762,-1.1326
4132,-1.1897,-1.192
4133,-1.9876,-1.9397
4134,-1.1529,-1.263
4135,-2.1255,-1.6179
4136,-2.2798,-2.0888
4137,-1.4528,-1.5565
4138,-1.3002,-2.0359
4139,-2.062,-1.8108
4140,-1.6767,-1.3032
4141,-1.4412,-1.1049
4142,-1.5766,-1.7309
4143,-1.1873,-1.3727
4144,-1.7319,-2.1574
4145,-1.6146,-1.4493
4146,-2.2569,-2.3694
4147,-1.8082,-1.9113
4148,-1.7458,-1.675
4149,-2.2903,-1.8173
4150,-1.3355,-1.2888
4151,-1.685,-1.4402
4152,-1.5172,-1.7073
4153,-1.9552,-2.0612
4154,-1.6055,-1.5729
4155,-1.9912,-1.7775
4156,-0.8085,-0.6172
4157,-1.286,-0.6466
4158,-1.3821,-1.4249
4159,-1.221,-1.1334
4160,-1.8653,-1.5438
4161,-1.497,-1.3084
4162,-1.4357,-1.0383
4163,-1.6083,-1.1849
4164,-1.3241,-1.1662
4165,-1.8111,-2.0436
4166,-1.227,-1.0305
4167,-1.3714,-1.5046
4168,-1.9158,-2.0692
4169,-1.0288,-0.6474
4170,-2.2282,-2.3369
4171,-0.9784,-1.0588
4172,-1.6699,-2.0367
4173,-2.3901,-2.6283
4174,-0.96,-0.9903
4175,-1.066,-0.7706
4176,-1.1201,-1.1124
4177,-1.1633,-0.8766
4178,-1.9879,-2.0408
4179,-2.6237,-2.5004
4180,-1.7432,-1.6042
4181,-1.8491,-1.9219
4182,-1.8523,-2.1612
4183,-3.3104,-2.9485
4184,-1.3744,-1.3821
4185,-1.5496,-1.3375
4186,-2.3547,-2.154
4187,-1.878,-1.9347
4188,-0.234,0.0161
4189,-1.5609,-1.6153
4190,-2.1627,-1.9464
4191,-1.6246,-1.2638
4192,-0.8649,-0.9965
4193,-2.0092,-2.2818
4194,-1.6449,-1.7358
4195,-1.6312,-1.6787
4196,-2.1451,-1.5758
4197,-1.2699,-0.7385
4198,-1.3432,-1.1409
4199,-1.304,-1.628
4200,-1.7081,-1.9277
4201,-0.8329,-1.1767
4202,-2.2939,-2.4997
4203,-2.8075,-2.7527
4204,-1.4305,-1.8567
4205,-1.3517,-1.3431
4206,-2.1233,-2.1211
4207,-1.1381,-0.8274
4208,-1.8791,-1.6986
4209,-1.381,-1.2472
4210,-1.7356,-1.7376
4211,-1.6819,-1.9765
4212,-1.9636,-1.8835
4213,-1.5285,-1.4962
4214,-1.5566,-1.0866
4215,-0.4326,-0.272
4216,-2.0493,-2.3318
4217,-2.106,-1.7317
4218,-2.3138,-2.3396
4219,-3.0476,-3.0335
4220,-1.6432,-1.877
4221,-1.1106,-0.7894
4222,-1.6728,-1.651
4223,-1.6168,-1.31
4224,-1.814,-1.8816
4225,-2.2412,-2.1774
4226,-1.7368,-1.7526
4227,-0.8228,-0.8618
4228,-2.1267,-1.8516
4229,-1.7216,-1.7729
4230,-1.6335,-1.5089
4231,-2.0892,-2.0763
4232,-1.7846,-2.2041
4233,-1.2031,-1.0562
4234,-2.2275,-2.0033
4235,-1.9904,-1.5001
4236,-1.9014,-2.2259
4237,-0.8087,-0.7918
4238,-1.6855,-1.7718
4239,-1.3055,-1.0267
4240,-1.1938,-0.8212
4241,-2.8692,-2.6141
4242,-1.1793,-1.3434
4243,-1.8692,-1.9032
4244,-2.0337,-2.3102
4245,-2.0294,-1.9947
4246,-1.4527,-1.3592
4247,-1.3371,-1.5536
4248,-1.7181,-2.1627
4249,-2.1573,-1.698
4250,-2.2167,-2.5254
4251,-1.7488,-1.5041
4252,-1.268,-1.5038
4253,-1.6118,-1.2905
4254,-0.4886,-0.3126
4255,-2.1665,-2.2487
4256,-1.3393,-1.0736
4257,-2.8083,-2.4415
4258,-1.0742,-1.3557
4259,-1.2287,-1.5775
4260,-1.1625,-0.8894
4261,-2.5377,-2.3997
4262,-0.3867,-0.3191
4263,-0.6894,-0.6247
4264,-1.7951,-1.396
4265,-2.6764,-2.1582
4266,-1.0252,-0.9726
4267,-0.6176,-0.235
4268,-1.7374,-1.5477
4269,-2.1621,-2.4498
4270,-1.5434,-1.8055
4271,-2.1094,-2.0296
4272,-1.7233,-1.7922
4273,-1.6671,-1.4869
4274,-0.2036,-0.1836
4275,-2.0244,-1.7958
4276,-1.843,-1.9233
4277,-1.0863,-1.1855
4278,-1.826,-2.0079
4279,-2.8903,-2.6622
4280,-1.2022,-0.9893
4281,-2.0214,-2.1186
4282,-1.6007,-1.6891
4283,-0.7528,-0.8168
4284,-1.2257,-1.4041
4285,-1.7368,-1.5569
4286,-0.9409,-1.0552
4287,-2.6029,-2.6775
4288,-2.2732,-1.8976
4289,-2.3332,-2.2883
4290,-1.4414,-1.6868
4291,-0.8687,-0.781
4292,-1.7676,-1.5805
4293,-1.5298,-1.2628
4294,-2.4603,-2.2975
4295,-1.3289,-1.2022
4296,-2.5323,-2.3634
4297,-1.7159,-1.6526
4298,-1.7506,-1.628
4299,-1.9071,-1.6131
4300,-1.9217,-1.7851
4301,-2.0485,-2.1702
4302,-0.9323,-0.8374
4303,-1.1994,-1.3541
4304,-1.3065,-1.3683
4305,-1.5563,-2.0916
4306,-0.5481,-0.2329
4307,-1.5378,-1.3184
4308,-1.1489,-1.1428
4309,-1.3772,-1.0697
4310,-2.3827,-2.2861
4311,-1.1601,-1.3297
4312,-2.2454,-2.336
4313,-1.5009,-1.3151
4314,-1.2514,-1.1157
4315,-1.3263,-1.5054
4316,-1.6382,-1.3852
4317,-2.1261,-2.7323
4318,-2.4914,-2.2802
4319,-1.6604,-1.6207
4320,-1.5221,-1.4996
4321,-2.1185,-1.9221
4322,-2.7744,-2.7265
4323,-1.907,-1.7532
4324,-2.9668,-3.2041
4325,-0.3583,-0.483
4326,-1.1607,-1.4925
4327,-1.618,-1.7379
4328,-2.347,-2.255
4329,-1.2499,-0.9571
4330,-1.1222,-1.7088
4331,-1.7272,-1.8236
4332,-2.4764,-2.3322
4333,-1.0493,-0.9748
4334,-1.2074,-1.3345
4335,-2.3255,-2.2167
4336,-0.6589,-0.7552
4337,-0.9624,-0.6184
4338,-2.1398,-2.1989
4339,-2.4636,-2.4766
4340,-0.6362,-0.905
4341,-1.1,-0.8395
4342,-1.649,-1.7763
4343,-1.7745,-1.9421
4344,-1.3324,-1.2648
4345,-1.6576,-1.6611
4346,-2.4346,-2.1889
4347,-2.0107,-2.0755
4348,-2.0097,-1.7452
4349,-0.6678,-0.1964
4350,-1.8465,-1.9745
4351,-2.4673,-2.6115
4352,-1.7641,-1.4834
4353,-1.9192,-2.127
4354,-1.0525,-0.9349
4355,-2.7428,-2.2282
4356,-2.0582,-2.1472
4357,-2.0831,-2.4343
4358,-2.103,-2.1822
4359,-2.1432,-1.9036
4360,-1.6052,-1.648
4361,-2.0557,-1.7814
4362,-1.0314,-1.0479
4363,-2.1002,-2.1376
4364,-1.5652,-1.4889
4365,-1.3841,-1.1338
4366,-1.2049,-1.2277
4367,-1.4224,-1.196
4368,-1.9443,-1.6823
4369,-1.8323,-1.9783
4370,-1.0966,-1.1558
4371,-1.7559,-1.7842
4372,-1.6043,-2.0055
4373,-1.2555,-1.3213
4374,-1.2733,-1.2957
4375,-1.9225,-1.9285
4376,-1.7018,-1.1734
4377,-1.8069,-2.0352
4378,-0.5491,-0.0658
4379,-0.8799,-0.5712
4380,-1.3294,-1.7888
4381,-1.3538,-1.5153
4382,-0.9162,-0.8842
4383,-1.2045,-1.1565
4384,-2.2793,-2.449
4385,-1.1718,-1.252
4386,-0.3976,-0.1747
4387,-1.5134,-1.5248
4388,-0.9456,-0.9626
4389,-2.0458,-1.8604
4390,-1.2051,-1.2364
4391,-1.3588,-1.3945
4392,-1.408,-1.5345
4393,-1.2747,-1.3764
4394,-1.9584,-1.9137
4395,-1.8601,-1.8825
4396,-1.0993,-0.9332
4397,-1.4574,-1.1923
4398,-0.9079,-1.0127
4399,-1.818,-1.6632
4400,-2.7179,-2.482
4401,-1.3901,-1.3282
4402,-1.0939,-1.3542
4403,-1.0356,-1.2546
4404,-1.9969,-1.8169
4405,-1.9307,-1.756
4406,-2.0709,-1.8283
4407,-1.7389,-1.809
4408,-1.9803,-1.9129
4409,-2.1636,-1.9918
4410,-1.4513,-1.8664
4411,-1.341,-1.6622
4412,-1.9088,-1.8511
4413,-2.0835,-1.9649
4414,-1.2941,-1.115
4415,-1.8066,-1.8408
4416,-1.998,-1.5153
4417,-1.5246,-1.1291
4418,-2.113,-1.9058
4419,-1.5555,-1.659
4420,-1.6033,-1.7355
4421,-2.3233,-2.199
4422,-1.2017,-1.048
4423,-2.1326,-2.2094
4424,-1.6177,-1.2075
4425,-0.8576,-0.5908
4426,-0.7162,-0.6431
4427,-1.5241,-1.5941
4428,-1.5273,-1.4759
4429,-2.2058,-1.877
4430,-1.5939,-1.6067
4431,-2.132,-2.284
4432,-2.3206,-2.2108
4433,-0.9107,-0.8348
4434,-0.867,-0.6727
4435,-1.5292,-1.268
4436,-1.6307,-1.752
4437,-2.0786,-2.2547
4438,-1.5204,-2.1728
4439,-1.2677,-1.3407
4440,-0.9338,-1.3448
4441,-2.1605,-2.0282
4442,-1.3378,-1.2012
4443,-1.4563,-1.1631
4444,-1.6622,-1.611
4445,-1.1567,-1.4677
4446,-0.5169,-0.6238
4447,-1.1208,-1.0998
4448,-1.6417,-1.6691
4449,-1.623,-1.7643
4450,-1.3026,-1.737
4451,-1.4732,-1.2367
4452,-2.2375,-1.7014
4453,-1.8263,-1.6175
4454,-1.3711,-1.7192
4455,-1.166,-1.374
4456,-1.6994,-1.4061
4457,-2.114,-2.2705
4458,-0.6533,-0.4866
4459,-2.0007,-2.2112
4460,-2.431,-2.3924
4461,-1.1659,-1.5926
4462,-1.3706,-1.1742
4463,-0.9417,-1.0729
4464,-1.8742,-1.7757
4465,-0.8901,-0.7144
4466,-1.1112,-1.183
4467,-0.9008,-0.8098
4468,-0.6914,-0.4657
4469,-1.7134,-1.5902
4470,-1.8276,-1.8751
4471,-1.5243,-0.9373
4472,-1.3544,-1.422
4473,-2.0405,-1.945
4474,-0.7803,-0.8388
4475,-1.1264,-1.0032
4476,-2.0043,-2.3636
4477,-1.574,-2.0368
4478,-1.2929,-1.3554
4479,-1.5231,-1.4019
4480,-2.349,-2.4078
4481,-1.7285,-1.8699
4482,-2.3867,-2.7349
4483,-1.8879,-1.8531
4484,-1.4829,-1.1349
4485,-2.3764,-1.9177
4486,-1.9722,-1.7856
4487,-0.9034,-1.1251
4488,-2.4369,-2.3263
4489,-1.5393,-1.3549
4490,-1.9099,-2.1624
4491,-0.867,-1.2583
4492,-1.6311,-1.9163
4493,-1.6025,-1.2062
4494,-1.8349,-1.666
4495,-1.294,-1.0853
4496,-1.6476,-1.9959
4497,-0.5476,-0.5465
4498,-1.774,-2.1351
4499,-1.4988,-1.6367
4500,-1.0264,-1.0705
4501,-2.0898,-1.8804
4502,-0.9254,-1.1818
4503,-0.7911,-1.1261
4504,-0.7212,-1.0345
4505,-1.347,-1.1096
4506,-1.5492,-1.612
4507,-1.5925,-1.3537
4508,-1.9999,-1.9445
4509,-1.7802,-1.5331
4510,-2.1483,-2.1035
4511,-1.656,-1.0141
4512,-1.154,-1.0547
4513,-0.7848,-0.2864
4514,-1.3771,-0.9562
4515,-2.614,-2.11
4516,-0.7066,-0.9858
4517,-1.7489,-1.8024
4518,-2.0505,-1.9855
4519,-1.8564,-1.8567
4520,-1.5096,-1.3713
4521,-1.4716,-1.4806
4522,-2.3195,-2.3907
4523,-1.5891,-1.4764
4524,-1.5146,-1.6122
4525,-0.9148,-0.6024
4526,-1.2335,-1.1793
4527,-1.1494,-1.0655
4528,-1.4384,-1.7069
4529,-2.7139,-2.5217
4530,-1.3803,-1.2304
4531,-2.0175,-2.1971
4532,-1.8544,-1.3271
4533,-1.8809,-2.0038
4534,-1.6136,-1.8764
4535,-1.4206,-1.1401
4536,-1.9565,-1.8419
4537,-1.3776,-1.0819
4538,-1.3837,-1.2212
4539,-1.6054,-1.2761
4540,-2.3996,-2.0027
4541,-1.3597,-1.3056
4542,-1.665,-1.5999
4543,-2.1877,-1.862
4544,-2.2174,-2.0638
4545,-1.9682,-1.9428
4546,-0.5793,-0.4141
4547,-1.9102,-1.4652
4548,-1.4659,-1.8494
4549,-2.0211,-2.0732
4550,-1.783,-1.9547
4551,-1.1177,-1.2726
4552,-2.0106,-2.1755
4553,-1.3573,-1.722
4554,-2.099,-1.8681
4555,-2.119,-2.0167
4556,-1.5431,-1.2683
4557,-1.3329,-1.5438
4558,-1.2559,-0.8614
4559,-1.3718,-1.199
4560,-2.0632,-1.3596
4561,-1.7776,-1.8707
4562,-1.2679,-1.0344
4563,-1.1797,-1.4124
4564,-1.2268,-1.2091
4565,-1.5254,-1.4361
4566,-1.6764,-1.5565
4567,-1.1669,-1.0778
4568,-1.6399,-1.8366
4569,-1.7477,-1.7605
4570,-1.1423,-1.1947
4571,-0.9396,-0.2951
4572,-1.8678,-1.9519
4573,-1.3983,-1.419
4574,-2.2425,-2.1531
4575,-1.9487,-2.1319
4576,-1.0278,-1.2488
4577,-1.3323,-0.7791
4578,-1.3036,-1.1558
4579,-2.381,-2.3305
4580,-2.2168,-2.1558
4581,-2.0827,-2.1013
4582,-1.4539,-1.1872
4583,-1.1073,-1.0398
4584,-0.5677,-0.7445
4585,-1.3017,-1.1638
4586,-1.4225,-1.4754
4587,-1.0683,-1.1612
4588,-2.1195,-2.1371
4589,-1.3869,-0.9127
4590,-1.0954,-1.6884
4591,-0.7966,-0.5771
4592,-1.6008,-1.7582
4593,-0.4452,-0.832
4594,-1.9803,-1.9162
4595,-1.5475,-1.7703
4596,-2.3115,-2.6658
4597,-2.8087,-2.5057
4598,-1.804,-1.8101
4599,-2.4938,-2.382
4600,-1.0596,-0.755
4601,-1.858,-2.0947
4602,-1.6149,-1.5778
4603,-0.9885,-1.1209
4604,-0.4662,-0.3631
4605,-2.1667,-2.0777
4606,-1.4935,-1.3956
4607,-1.0584,-1.2544
4608,-1.3635,-0.8872
4609,-1.9148,-1.7026
4610,-1.1611,-0.7963
4611,-1.0024,-1.2005
4612,-1.5641,-1.7945
4613,-1.8665,-1.9187
4614,-1.6645,-1.5765
4615,-2.3346,-2.0319
4616,-0.7527,-1.1726
4617,-1.4736,-1.8462
4618,-0.6289,-0.5271
4619,-1.3582,-1.5296
4620,-0.7428,-0.5779
4621,-1.0748,-1.407
4622,-1.3668,-1.1383
4623,-2.3042,-2.511
4624,-2.6569,-3.029
4625,-2.8184,-3.1146
4626,-1.9202,-2.0802
4627,-1.467,-1.4829
4628,-1.9586,-1.891
4629,-0.5087,-0.2116
4630,-1.9595,-1.8799
4631,-2.0212,-1.9916
4632,-1.7538,-1.2953
4633,-1.6062,-1.1374
4634,-0.7629,-0.7675
4635,-1.3664,-1.1945
4636,-1.3623,-1.1296
4637,-2.2456,-2.4181
4638,-2.4485,-2.0668
4639,-2.0819,-2.0894
4640,-0.7209,-0.8531
4641,-1.4487,-1.1622
4642,-1.3611,-1.3102
4643,-1.49,-1.2206
4644,-1.3998,-1.4516
4645,-1.0956,-1.3731
4646,-2.2476,-1.9523
4647,-1.7423,-1.9413
4648,-2.0265,-2.0302
4649,-1.9078,-1.6226
4650,-1.9247,-2.0023
4651,-1.2526,-1.1363
4652,-2.2029,-2.021
4653,-1.9581,-1.581
4654,-1.9569,-2.1158
4655,-2.2805,-1.9317
4656,-1.4112,-1.4188
4657,-1.3583,-1.5419
4658,-0.3901,-0.285
4659,-1.4578,-1.4145
4660,-1.394,-1.1891
4661,-1.8975,-2.1361
4662,-1.3966,-1.5676
4663,-1.4294,-1.2003
4664,-1.4527,-1.2806
4665,-1.8273,-1.5834
4666,-2.0303,-1.8354
4667,-1.2712,-1.1782
4668,-1.8342,-1.9592
4669,-0.6046,-0.4162
4670,-2.219,-1.9071
4671,-1.4681,-1.2138
4672,-1.8453,-1.6342
4673,-0.8395,-0.8548
4674,-1.0084,-1.6998
4675,-2.1036,-2.2432
4676,-2.9113,-2.6545
4677,-1.8835,-1.3752
4678,-1.3284,-1.4945
4679,-1.8466,-1.6119
4680,-2.0375,-1.9085
4681,-1.787,-1.4823
4682,-1.4965,-1.0689
4683,-1.3626,-1.158
4684,-0.774,-0.7653
4685,-1.8941,-2.0611
4686,-2.1206,-2.1285
4687,-1.4872,-1.4942
4688,-2.0113,-2.1778
4689,-0.4945,-0.8839
4690,-0.9453,-1.008
4691,-1.658,-1.5521
4692,-1.6082,-1.3071
4693,-1.1943,-0.8637
4694,-1.9191,-2.2083
4695,-1.3849,-1.5877
4696,-2.1485,-1.545
4697,-1.8927,-2.2954
4698,-2.0175,-1.7997
4699,-1.8362,-1.353
4700,-2.0213,-2.1733
4701,-2.117,-2.062
4702,-1.052,-1.1958
4703,-1.5541,-1.5149
4704,-1.2112,-1.5228
4705,-0.7264,-1.1664
4706,-1.6175,-1.2703
4707,-2.2676,-2.459
4708,-1.784,-1.3819
4709,-0.9288,-1.3218
4710,-2.4124,-2.3765
4711,-1.5088,-1.4431
4712,-1.1733,-1.0172
4713,-1.5984,-1.4293
4714,-2.3981,-2.2724
4715,-1.4803,-1.1315
4716,-1.3263,-1.3843
4717,-1.9683,-1.5183
4718,-1.9794,-1.9022
4719,-2.318,-2.6988
4720,-1.5321,-1.7446
4721,-1.4388,-1.5975
4722,-1.1072,-1.2566
4723,-1.6568,-1.7759
4724,-0.9249,-0.9123
4725,-1.3885,-1.5701
4726,-1.0847,-1.1709
4727,-1.7699,-1.6147
4728,-2.568,-2.3342
4729,-1.4103,-1.3839
4730,-1.7697,-1.7845
4731,-0.7857,-0.7489
4732,-1.2173,-1.0303
4733,-2.7861,-2.5726
4734,-1.1408,-0.7995
4735,-1.2372,-1.5442
4736,-1.8999,-1.857
4737,-1.7142,-1.8764
4738,-1.5599,-1.7391
4739,-0.3263,-0.2933
4740,-1.4319,-1.5956
4741,-1.6187,-1.3772
4742,-0.3721,-0.6108
4743,-1.4546,-1.5218
4744,-0.2112,-0.3814
4745,-2.16,-1.9892
4746,-1.8595,-1.9478
4747,-0.5345,-0.2334
4748,-1.3095,-1.2849
4749,-2.446,-2.0814
4750,-1.4736,-1.1676
4751,-1.262,-1.128
4752,-2.353,-2.6
4753,-2.5273,-2.627
4754,-1.2044,-1.2119
4755,-1.5841,-1.3606
4756,-1.1675,-0.979
4757,-1.8967,-1.7072
4758,-1.2776,-1.0607
4759,-1.2541,-0.8096
4760,-0.2087,-0.2906
4761,-1.0784,-0.8443
4762,-0.2857,-0.5471
4763,-1.4218,-1.4064
4764,-0.8451,-1.1824
4765,-0.8371,-1.2762
4766,-2.0046,-2.024
4767,-1.1552,-1.4243
4768,-1.8143,-1.6552
4769,-1.6305,-1.9142
4770,-0.9424,-0.9489
4771,-2.6595,-3.0294
4772,-1.1864,-1.1061
4773,-1.6932,-1.5867
4774,-1.8672,-2.3815
4775,-0.7106,-0.6019
4776,-1.9351,-1.5556
4777,-1.5446,-1.4834
4778,-1.5302,-1.7857
4779,-1.5683,-1.6764
4780,-2.2833,-1.8896
4781,-2.0338,-2.3055
4782,-1.1414,-1.2711
4783,-1.8265,-1.9398
4784,-2.061,-1.7614
4785,-2.1728,-2.2521
4786,-1.9246,-2.0123
4787,-1.0143,-1.7649
4788,-1.7818,-1.7147
4789,-2.3744,-2.1611
4790,-1.1003,-0.7994
4791,-1.6701,-1.3778
4792,-2.4289,-2.2213
4793,-2.2171,-2.4005
4794,-1.682,-1.5515
4795,-1.9721,-2.0085
4796,-1.1889,-1.3783
4797,-2.0368,-1.6721
4798,-1.59,-1.4175
4799,-1.0223,-0.9063
4800,-1.4246,-1.1363
4801,-1.668,-1.9431
4802,-1.1837,-1.0706
4803,-2.457,-2.4886
4804,-1.8843,-1.4783
4805,-1.5209,-1.4487
4806,-1.2805,-1.3153
4807,-2.076,-1.9256
4808,-0.6262,-0.38
4809,-1.3612,-1.0035
4810,-0.568,-0.8456
4811,-1.2269,-1.0982
4812,-1.6916,-1.6783
4813,-2.2525,-1.8882
4814,-1.1223,-1.6077
4815,-1.0881,-1.0419
4816,-1.8585,-1.6818
4817,-2.0032,-2.1711
4818,-1.7541,-2.0232
4819,-1.6023,-1.773
4820,-2.0028,-1.7142
4821,-1.7827,-1.341
4822,-2.2207,-1.9394
4823,-0.8652,-0.8859
4824,-1.4096,-1.7367
4825,-2.6208,-2.5212
4826,-1.5515,-1.7533
4827,-2.9607,-2.5257
4828,-1.4387,-1.2115
4829,-1.8301,-1.6243
4830,-1.4093,-1.3464
4831,-2.1552,-2.2634
4832,-1.5751,-1.6106
4833,-1.0816,-1.2403
4834,-1.8876,-1.9466
4835,-1.0418,-1.1641
4836,-1.8928,-1.9155
4837,-2.2518,-2.2165
4838,-1.5265,-1.4332
4839,-1.1667,-0.7878
4840,-2.0268,-2.3754
4841,-1.4647,-1.4942
4842,-1.2918,-1.2232
4843,-2.3101,-2.4831
4844,-0.9149,-0.8713
4845,-2.1134,-2.0284
4846,-1.7921,-1.9702
4847,-1.0321,-1.2409
4848,-1.029,-1.5203
4849,-1.2526,-1.1896
4850,-0.6157,-0.7834
4851,-2.8609,-2.4249
4852,-1.2054,-1.0787
4853,-2.3614,-2.6452
4854,-1.2237,-1.0405
4855,-1.4889,-1.7181
4856,-0.9998,-0.7886
4857,-1.9599,-2.1773
4858,-1.0666,-1.0702
4859,-2.0727,-1.813
4860,-1.7759,-1.9402
4861,-1.0004,-0.5563
4862,-2.2166,-1.8331
4863,-1.88,-2.0779
4864,-1.8655,-1.852
4865,-2.0226,-2.0693
4866,-1.7394,-1.7132
4867,-1.5916,-1.4125
4868,-2.6873,-2.8193
4869,-1.4369,-1.3169
4870,-2.3051,-1.9007
4871,-2.1735,-2.1954
4872,-1.2771,-1.0375
4873,-2.3066,-1.7751
4874,-1.3191,-1.1129
4875,-1.8274,-1.6357
4876,-0.7912,-0.9952
4877,-1.1438,-1.1653
4878,-0.3176,-0.3608
4879,-1.6069,-1.5283
4880,-1.5452,-1.822
4881,-1.8557,-1.7798
4882,-1.0894,-1.1663
4883,-1.1555,-0.8229
4884,-1.8585,-2.0679
4885,-2.2409,-2.5394
4886,-1.6576,-1.5766
4887,-1.0472,-1.1569
4888,-1.7126,-1.7787
4889,-2.1012,-2.086
4890,-1.5799,-1.2983
4891,-1.5686,-1.1628
4892,-0.8228,-1.0626
4893,-1.9331,-1.9375
4894,-1.5643,-1.7147
4895,-2.545,-2.1029
4896,-2.5737,-2.5381
4897,-1.1041,-1.0631
4898,-1.8361,-1.7699
4899,-2.6021,-2.8682
4900,-0.9662,-1.1003
4901,-0.5959,-0.6284
4902,-2.1978,-1.8227
4903,-1.3442,-1.2427
4904,-1.9159,-2.06
4905,-2.4734,-2.2253
4906,-1.0345,-1.0692
4907,-1.1255,-1.2093
4908,-0.9502,-1.0088
4909,-1.0426,-0.8831
4910,-1.5233,-1.5343
4911,-2.0256,-2.2666
4912,-1.5888,-1.9122
4913,-2.1289,-2.1915
4914,-2.1558,-1.8714
4915,-1.7427,-1.8567
4916,-1.8572,-2.2444
4917,-1.8299,-1.3733
4918,-1.6294,-1.1108
4919,-1.6548,-1.8081
4920,-1.2995,-1.6802
4921,-2.4255,-2.5888
4922,-2.0603,-2.1259
4923,-2.1914,-1.8798
4924,-1.181,-1.0915
4925,-1.9149,-1.5227
4926,-1.6601,-1.4282
4927,-2.1653,-2.1952
4928,-1.7752,-2.0834
4929,-1.0371,-1.19
4930,-2.305,-2.2461
4931,-1.6685,-1.609
4932,-2.5472,-2.2532
4933,-1.7432,-1.6023
4934,-1.3659,-1.4323
4935,-1.8866,-2.2604
4936,-1.5281,-1.3107
4937,-0.9336,-0.9105
4938,-1.6428,-1.3137
4939,-1.298,-0.8909
4940,-0.8384,-0.7023
4941,-1.6101,-1.9604
4942,-0.8142,-1.5097
4943,-1.3043,-1.2126
4944,-1.9515,-1.7473
4945,-1.9703,-1.7956
4946,-1.9071,-1.8673
4947,-0.8155,-0.6545
4948,-1.7867,-1.7054
4949,-1.1832,-1.1605
4950,-1.6152,-1.8691
4951,-2.356,-2.8109
4952,-1.5715,-1.2298
4953,-1.5108,-0.7742
4954,-1.6159,-1.2959
4955,-2.2106,-2.0456
4956,-1.1934,-1.4394
4957,-1.5187,-1.2172
4958,-0.5838,-0.3916
4959,-1.0048,-0.8024
4960,-1.4978,-1.539
4961,-1.8672,-1.8199
4962,-1.8965,-1.8925
4963,-2.5037,-2.3445
4964,-1.4876,-1.4608
4965,-1.2292,-1.0267
4966,-0.994,-0.5911
4967,-2.016,-1.8888
4968,-2.0268,-2.1462
4969,-1.4286,-1.2086
4970,-1.5239,-1.3663
4971,-1.7087,-1.7327
4972,-1.4564,-1.2851
4973,-1.1285,-1.5367
4974,-1.0556,-0.9537
4975,-1.7783,-1.9461
4976,-1.794,-1.6925
4977,-0.6817,-0.8115
4978,-1.625,-1.332
4979,-1.604,-1.525
4980,-1.9024,-1.3944
4981,-2.3242,-2.562
4982,-1.2689,-0.7027
4983,-1.6958,-2.1476
4984,-1.3733,-1.0008
4985,-2.1712,-1.8499
4986,-1.1739,-1.546
4987,-0.84,-0.9734
4988,-0.4879,-0.4549
4989,-1.8402,-1.6168
4990,-1.1261,-1.2199
4991,-1.9258,-2.0526
4992,-1.4875,-1.6045
4993,-0.8869,-0.6809
4994,-1.8077,-1.8933
4995,-1.1869,-1.0165
4996,-0.5135,-0.7752
4997,-1.2558,-1.1874
4998,-1.6754,-1.9016
4999,-1.813,-1.6962
5000,-0.2643,-0.4945
5001,-1.5154,-1.6427
5002,-0.9808,-1.159
5003,-2.1502,-2.0979
5004,-1.3349,-1.2532
5005,-2.1026,-2.145
5006,-1.4515,-1.4304
5007,-1.1329,-1.839
5008,-2.411,-2.6091
5009,-2.3182,-2.4382
5010,-2.0258,-2.0504
5011,-1.1759,-1.5859
5012,-1.9948,-1.6001
5013,-1.9637,-2.0021
5014,-1.4898,-1.2089
5015,-1.8406,-1.6305
5016,-2.2113,-2.1507
5017,-1.9989,-1.9127
5018,-1.4896,-1.2101
5019,-1.4802,-1.6287
5020,-2.0986,-2.456
5021,-1.9028,-2.0746
5022,-1.513,-1.6584
5023,-2.0095,-1.9527
5024,0.214,-0.0065
5025,-1.6081,-1.5646
5026,-0.7944,-0.7794
5027,-1.2335,-1.0469
5028,-1.8746,-1.5905
5029,-2.2367,-1.8986
5030,-1.3052,-1.1051
5031,-1.8933,-1.6989
5032,-1.5371,-1.5024
5033,-1.0689,-1.1786
5034,-1.0897,-1.2601
5035,-1.6333,-1.7928
5036,-1.4993,-1.1851
5037,-1.7904,-1.431
5038,-1.3561,-1.1737
5039,-0.755,-1.2458
5040,-1.4231,-1.4594
5041,-1.7579,-2.2704
5042,-1.9189,-2.3326
5043,-1.6687,-1.2243
5044,-1.515,-1.7034
5045,-0.6954,-0.867
5046,-0.7317,-0.661
5047,-1.3393,-1.4622
5048,-1.6156,-1.5399
5049,-1.3219,-1.2685
5050,-2.2511,-2.3876
5051,-1.3479,-0.9339
5052,-1.3545,-1.0937
5053,-1.7905,-1.8014
5054,-1.3145,-1.3309
5055,-1.5188,-1.6246
5056,-2.3032,-1.8404
5057,-1.4081,-1.1888
5058,-2.4734,-2.0917
5059,-2.1323,-2.0179
5060,-1.4119,-0.7425
5061,-1.8305,-1.4799
5062,-0.7338,-0.7539
5063,-1.8642,-1.8612
5064,-1.638,-1.4068
5065,-2.0032,-2.0606
5066,-1.2075,-1.2443
5067,-1.7358,-1.9732
5068,-1.9945,-2.0463
5069,-1.4241,-1.414
5070,-1.8833,-1.4955
5071,-1.4967,-1.6365
5072,-1.8299,-1.6292
5073,-1.7942,-1.4519
5074,-0.5407,-0.4966
5075,-1.8088,-1.3514
5076,-2.4461,-2.5976
5077,-1.793,-1.6096
5078,-1.3312,-1.5182
5079,-1.6572,-1.591
5080,-2.1331,-2.1062
5081,-1.7183,-1.588
5082,-0.9198,-0.8033
5083,-1.7227,-1.6329
5084,-1.9574,-1.9532
5085,-0.6027,-0.5843
5086,-1.8909,-1.8062
5087,-2.3329,-2.2929
5088,-1.1494,-1.6414
5089,-1.2796,-1.2442
5090,-2.3457,-2.359
5091,-2.2754,-2.53
5092,-1.8499,-1.5353
5093,-1.0951,-0.8597
5094,-1.542,-1.6245
5095,-1.149,-1.3364
5096,-0.9889,-0.9595
5097,-1.7801,-1.5924
5098,-1.6322,-1.2471
5099,-1.1234,-0.6407
5100,-1.7666,-1.6331
5101,-2.1165,-1.9714
5102,-1.2448,-1.2535
5103,-0.9577,-0.5653
5104,-1.0519,-0.6488
5105,-0.6767,-0.6367
5106,-1.3657,-1.2437
5107,-1.2412,-1.3691
5108,-1.1355,-1.2023
5109,-1.285,-1.4462
5110,-1.5527,-1.825
5111,-1.5432,-1.0047
5112,-1.425,-1.3266
5113,-1.3189,-0.6368
5114,-2.0402,-1.9415
5115,-0.3178,-0.3336
5116,-0.9013,-0.7322
5117,-1.7344,-1.9166
5118,-1.3335,-0.851
5119,-1.6953,-1.8694
5120,-1.7118,-2.1193
5121,-2.8902,-2.539
5122,-2.1764,-1.6841
5123,-2.1379,-2.3692
5124,-1.2935,-1.0858
5125,-1.652,-1.8404
5126,-0.8017,-0.556
5127,-1.7666,-1.9042
5128,-2.1127,-2.3974
5129,-1.3297,-1.479
5130,-1.7521,-1.7848
5131,-1.8386,-1.9505
5132,-1.4838,-1.8359
5133,-1.5051,-1.6252
5134,-0.7679,-0.6997
5135,-1.58,-1.3839
5136,-1.6269,-1.5434
5137,-1.5714,-1.9495
5138,-2.0882,-1.7769
5139,-2.3421,-2.0369
5140,-1.6368,-1.8279
5141,-1.1208,-1.5417
5142,-1.1875,-1.0158
5143,-1.3603,-1.4051
5144,-1.8274,-1.8937
5145,-1.7995,-2.2817
5146,-1.1059,-1.8049
5147,-2.0792,-2.1999
5148,-1.7769,-1.8674
5149,-1.4045,-1.3458
5150,-0.6193,-0.2368
5151,-1.6974,-1.5879
5152,-1.0673,-0.6056
5153,-1.4725,-1.3877
5154,-1.7849,-1.4615
5155,-1.938,-1.8706
5156,-0.3176,-0.0951
5157,-1.6323,-1.7664
5158,-1.5661,-1.6685
5159,-2.3452,-2.4601
5160,-1.8751,-1.9397
5161,-0.7664,-0.9342
5162,-1.4232,-1.2486
5163,-1.8274,-2.2535
5164,-1.5759,-2.0231
5165,-1.9374,-1.8795
5166,-1.4436,-1.5281
5167,-0.9625,-0.8588
5168,-1.3455,-1.1058
5169,-2.0434,-1.7848
5170,-0.5986,-1.0215
5171,-1.6756,-1.849
5172,-1.4381,-1.0742
5173,-2.3114,-2.1436
5174,-1.2266,-1.2753
5175,-1.3484,-1.5727
5176,-1.477,-1.4223
5177,-1.58,-1.2075
5178,-1.6132,-1.1731
5179,-1.8877,-1.9118
5180,-2.0511,-2.0297
5181,-1.3511,-1.3996
5182,-1.6188,-1.5535
5183,-1.7793,-1.571
5184,-1.7673,-1.8712
5185,-1.3135,-1.4457
5186,-0.531,-0.533
5187,-1.2715,-1.3106
5188,-0.8221,-0.731
5189,-2.053,-2.1516
5190,-1.0278,-1.2076
5191,-2.371,-2.2112
5192,-1.8157,-2.0852
5193,-1.0644,-0.9909
5194,-1.3272,-1.1026
5195,-1.6696,-1.7959
5196,-0.1195,-0.534
5197,-2.1105,-2.1403
5198,-2.3494,-1.8004
5199,-2.0372,-1.7026
5200,-1.6515,-1.912
5201,-1.4612,-1.4422
5202,-2.6309,-2.2452
5203,-1.7801,-1.583
5204,-2.0347,-1.9739
5205,-2.5561,-2.7729
5206,-1.2341,-1.2412
5207,-1.2727,-0.845
5208,-2.1412,-2.1054
5209,-2.3327,-2.4331
5210,-2.0933,-1.8522
5211,-0.6662,-0.5741
5212,-1.785,-1.7341
5213,-1.3082,-1.4379
5214,-2.2291,-2.2678
5215,-1.2852,-1.2706
5216,-1.8062,-1.6576
5217,-1.3963,-1.6411
5218,-1.0783,-1.399
5219,-1.7353,-1.6439
5220,-2.082,-2.3874
5221,-1.3377,-1.297
5222,-1.779,-1.3216
5223,-2.4543,-2.1399
5224,-1.0324,-1.1054
5225,-1.4643,-1.2925
5226,-1.7055,-1.6068
5227,-2.556,-2.1056
5228,-1.3765,-1.2022
5229,-1.9615,-1.5895
5230,-2.2477,-2.4279
5231,-2.2486,-2.2137
5232,-0.9093,-1.1401
5233,-1.1916,-1.0405
5234,-2.2303,-2.4148
5235,-2.0499,-1.6693
5236,-1.3002,-1.5836
5237,-0.4966,-0.416
5238,-1.2111,-1.1909
5239,-1.0369,-0.9403
5240,-1.7576,-1.5761
5241,-2.1925,-2.3523
5242,-1.0347,-1.0091
5243,-1.1554,-1.0919
5244,-1.7422,-1.9137
5245,-1.7055,-1.8658
5246,-1.3752,-1.6252
5247,-1.4997,-1.0947
5248,-1.4102,-1.2849
5249,-1.6076,-1.3993
5250,-1.4579,-1.4559
5251,-2.1168,-2.0678
5252,-1.8634,-1.2281
5253,-1.5403,-1.6692
5254,-2.739,-2.6984
5255,-2.4767,-2.2071
5256,-1.2413,-1.359
5257,-1.5543,-1.6671
5258,-1.5937,-2.1192
5259,-1.827,-2.3596
5260,-1.6106,-1.3968
5261,-1.7998,-1.6965
5262,-1.6381,-1.152
5263,-1.8744,-1.5946
5264,-1.3343,-1.723
5265,-1.2813,-1.444
5266,-1.1616,-1.0323
5267,-1.4672,-1.2944
5268,-1.4653,-1.3584
5269,-1.9095,-2.5133
5270,-2.207,-2.3018
5271,-1.7363,-1.5728
5272,-1.7491,-1.9382
5273,-2.0694,-1.9565
5274,-1.7591,-1.8648
5275,-1.9138,-1.7143
5276,-0.8448,-0.5814
5277,-1.0994,-1.3292
5278,-1.2889,-1.3848
5279,-1.2557,-1.6294
5280,-0.9166,-0.9776
5281,-1.4203,-1.4613
5282,-0.8116,-0.7531
5283,-1.0713,-0.7628
5284,-1.1883,-1.3849
5285,-0.4732,-0.6775
5286,-1.9358,-1.847
5287,-1.5281,-1.3067
5288,-1.2519,-1.3173
5289,-2.1979,-1.8727
5290,-1.1392,-0.8621
5291,-1.7924,-1.6994
5292,-2.0039,-1.7234
5293,-2.023,-2.3466
5294,-2.4829,-2.1951
5295,-1.9257,-1.6993
5296,-2.1523,-2.099
5297,-1.8044,-1.8801
5298,-1.3955,-1.6749
5299,-2.2438,-2.1121
5300,-0.9969,-1.2158
5301,-2.6076,-2.6411
5302,-1.1955,-1.7956
5303,-1.8813,-1.5497
5304,-2.1918,-1.9228
5305,-1.1327,-1.0257
5306,-1.4239,-0.964
5307,-1.457,-1.379
5308,-2.0473,-1.6361
5309,-1.3894,-1.1437
5310,-1.6097,-1.4264
5311,-1.7835,-1.3462
5312,-2.1338,-2.3827
5313,-2.4801,-2.2159
5314,-2.4523,-2.5396
5315,-1.437,-1.4078
5316,-0.8498,-1.0825
5317,-2.1364,-2.2573
5318,-1.7742,-1.588
5319,-1.7355,-1.5979
5320,-1.6391,-1.3875
5321,-1.4487,-1.32
5322,-2.1425,-1.9719
5323,-1.9788,-1.3267
5324,-2.0453,-1.7778
5325,-1.7839,-1.7288
5326,-1.5929,-1.902
5327,-1.9752,-2.0173
5328,-1.2995,-1.3719
5329,-1.9335,-2.2564
5330,-1.3299,-1.4254
5331,-1.1444,-1.0486
5332,-1.4166,-1.3168
5333,-1.7742,-1.7209
5334,-1.1176,-1.0522
5335,-0.8088,-0.4159
5336,-1.2814,-1.1836
5337,-2.3666,-2.3837
5338,-1.579,-1.8424
5339,-1.3795,-1.3546
5340,-1.3046,-1.798
5341,-1.8281,-1.7508
5342,-0.4021,-0.4063
5343,-1.5409,-1.4379
5344,-1.4802,-1.3842
5345,-1.4924,-0.8699
5346,-1.3957,-1.1604
5347,-1.295,-1.3407
5348,-3.287,-3.0181
5349,-1.4965,-1.3329
5350,-0.9058,-0.9827
5351,-1.3903,-1.0636
5352,-1.1694,-1.4033
5353,-2.6786,-2.4494
5354,-1.1048,-0.5197
5355,-1.6683,-1.5194
5356,-1.3965,-1.069
5357,-1.6073,-1.5525
5358,-1.7003,-1.9074
5359,-1.6559,-1.1912
5360,-1.3816,-1.4665
5361,-1.1763,-1.2026
5362,-1.0817,-0.8525
5363,-2.0604,-1.9052
5364,-0.5167,-0.6391
5365,-1.3639,-1.0778
5366,-2.1665,-2.1095
5367,-1.8777,-1.9275
5368,-1.6411,-1.4196
5369,-1.0113,-0.9664
5370,-1.3731,-1.4322
5371,-0.9329,-0.8974
5372,-2.4498,-2.3207
5373,-1.6677,-1.8378
5374,-1.0228,-1.1817
5375,-0.8851,-0.6722
5376,-1.1739,-1.1415
5377,-1.1879,-1.2905
5378,-0.7553,-0.8015
5379,-2.3187,-2.601
5380,-1.3223,-1.3252
5381,-1.411,-1.5587
5382,-1.7142,-1.5196
5383,-1.4692,-1.5625
5384,-1.6962,-1.8203
5385,-2.119,-2.0529
5386,-0.6371,-0.6954
5387,-2.2268,-2.051
5388,-0.2988,-0.213
5389,-0.9377,-0.8318
5390,-2.1162,-1.6757
5391,-1.272,-1.3748
5392,-1.8473,-1.9935
5393,-1.6892,-1.8707
5394,-1.7355,-2.1301
5395,-1.5217,-1.5001
5396,-1.3814,-1.6552
5397,-1.8048,-1.9704
5398,-2.0734,-2.0081
5399,-1.2476,-1.8154
5400,-1.9862,-1.8212
5401,-1.0434,-0.9622
5402,-1.0988,-1.3789
5403,-1.7887,-2.4353
5404,-1.3068,-1.1025
5405,-1.4965,-1.7726
5406,-1.1641,-1.6922
5407,-1.6595,-1.5736
5408,-2.0255,-2.0095
5409,-1.7669,-1.6083
5410,-1.5516,-1.9154
5411,-2.1555,-2.3636
5412,-2.2654,-2.0138
5413,-1.8015,-1.5436
5414,-1.6111,-1.536
5415,-1.3843,-1.2288
5416,-1.3341,-1.4798
5417,-1.7053,-1.63
5418,-1.6951,-1.496
5419,-1.3627,-1.593
5420,-0.7759,-0.6293
5421,-1.6891,-1.7685
5422,-1.3193,-1.3583
5423,-1.8596,-1.6844
5424,-1.7132,-1.3784
5425,-2.1334,-1.846
5426,-2.2172,-2.1813
5427,-1.3778,-1.439
5428,-1.5652,-1.4027
5429,-1.7649,-1.7186
5430,-2.2099,-2.0717
5431,-2.0622,-2.7924
5432,-1.799,-1.9307
5433,-2.0689,-1.9913
5434,-1.0476,-0.7309
5435,-1.755,-1.8997
5436,-1.1794,-1.0194
5437,-1.4785,-1.7174
5438,-1.3805,-1.3786
5439,-1.7382,-1.2526
5440,-1.729,-1.5724
5441,-2.008,-2.1163
5442,-1.2525,-1.2644
5443,-1.7431,-1.9596
5444,-2.0527,-2.2307
5445,-1.2527,-1.4726
5446,-2.1969,-1.7532
5447,-1.7259,-1.6724
5448,-1.683,-1.9275
5449,-1.1627,-1.1328
5450,-0.7875,-0.7749
5451,-1.0529,-0.9255
5452,-2.1889,-2.226
5453,-2.8152,-2.6265
5454,-1.8282,-2.2258
5455,-1.3607,-1.2987
5456,-1.9125,-1.681
5457,-1.7294,-1.5275
5458,-1.2172,-1.1328
5459,-2.0136,-1.8643
5460,-1.7022,-1.4541
5461,-2.3011,-2.3639
5462,-0.7512,-0.7588
5463,-2.1869,-1.8114
5464,-1.1591,-1.3226
5465,-2.7905,-2.8629
5466,-2.2575,-1.6149
5467,-1.6778,-1.759
5468,-1.3067,-1.4523
5469,-2.2939,-2.3684
5470,-1.672,-1.8253
5471,-2.0248,-1.9755
5472,-1.5161,-1.2231
5473,-1.8686,-1.6684
5474,-0.8845,-0.6565
5475,-1.1582,-0.9102
5476,-2.0512,-2.3018
5477,-2.3483,-2.7508
5478,-0.7635,-0.9074
5479,-1.9503,-1.5803
5480,-0.9276,-0.8224
5481,-0.938,-1.2911
5482,-1.5188,-1.5726
5483,-0.9773,-0.9776
5484,-1.2654,-1.2598
5485,-1.8769,-1.9816
5486,-1.1789,-0.9134
5487,-1.3791,-0.8676
5488,-1.4467,-1.4799
5489,-2.4769,-2.1581
5490,-2.2925,-2.1568
5491,-1.5581,-2.0868
5492,-1.577,-1.4494
5493,-1.5821,-1.9877
5494,-1.1188,-1.5388
5495,-1.8804,-1.9394
5496,-1.5767,-1.1904
5497,-1.7904,-1.5536
5498,-1.9777,-2.2007
5499,-1.7632,-1.7232
5500,-1.3796,-1.3498
5501,-1.7154,-1.8523
5502,-1.3844,-1.4264
5503,-0.7522,-0.6862
5504,-2.2327,-2.0008
5505,-1.618,-1.3433
5506,-2.6955,-2.6433
5507,-1.9183,-1.7444
5508,-1.317,-1.6683
5509,-1.0249,-0.8949
5510,-0.974,-0.6105
5511,-2.8637,-2.8079
5512,-1.6816,-1.5889
5513,-1.7107,-1.6412
5514,-1.1665,-1.1648
5515,-1.6039,-1.8481
5516,-0.859,-1.4698
5517,-1.5769,-1.4008
5518,-1.406,-1.3406
5519,-1.9055,-2.1551
5520,-1.2674,-1.1818
5521,-1.119,-1.2309
5522,-1.086,-1.0604
5523,-0.6925,-0.9401
5524,-1.3729,-1.672
5525,-1.5317,-1.6723
5526,-2.1527,-2.2757
5527,-1.2214,-1.7512
5528,-1.6574,-1.8164
5529,-1.3732,-1.6113
5530,-1.1039,-1.0476
5531,-1.4209,-1.4977
5532,-2.01,-2.0395
5533,-1.642,-1.2529
5534,-0.1846,-0.3251
5535,-1.2178,-0.9766
5536,-1.6532,-1.4716
5537,-2.1762,-2.6696
5538,-0.7346,-0.8884
5539,-1.9251,-2.0908
5540,-1.0111,-0.9538
5541,-2.0651,-2.0159
5542,-1.3545,-1.5201
5543,-1.9896,-1.9548
5544,-0.9476,-0.6872
5545,-1.8978,-2.093
5546,-1.9484,-1.4333
5547,-0.7825,-0.8039
5548,-2.4558,-2.4359
5549,-1.2266,-1.1075
5550,-1.9662,-1.6907
5551,-1.1476,-1.0718
5552,-0.737,-0.6213
5553,-1.3026,-1.2239
5554,-1.2095,-1.4511
5555,-1.7042,-1.7164
5556,-1.3144,-1.1242
5557,-2.01,-1.6931
5558,-1.3335,-1.1708
5559,-1.1884,-1.5529
5560,-2.2576,-2.201
5561,-1.5625,-1.214
5562,-1.6693,-1.9252
5563,-2.751,-2.8584
5564,-1.5832,-1.1593
5565,-1.5354,-1.4482
5566,-2.2333,-2.1221
5567,-1.3742,-1.1236
5568,-2.1974,-1.9972
5569,-1.9213,-1.7877
5570,-1.9153,-2.0825
5571,-2.1203,-1.9954
5572,-0.5276,-0.3674
5573,-1.5125,-1.3776
5574,-2.5065,-2.3035
5575,-2.1908,-2.5326
5576,-1.4123,-1.2649
5577,-2.1082,-2.2364
5578,-2.1842,-2.3947
5579,-1.951,-2.1617
5580,-1.8402,-1.6021
5581,-1.3131,-1.4264
5582,-1.3508,-1.2589
5583,-1.4668,-1.2915
5584,-1.3872,-1.1418
5585,-1.625,-1.6496
5586,-2.8517,-2.7794
5587,-1.4427,-1.5734
5588,-1.649,-1.7669
5589,-1.0061,-0.6203
5590,-1.4021,-1.3749
5591,-2.0208,-1.8553
5592,-2.3611,-2.286
5593,-1.4511,-1.8007
5594,-1.1609,-1.2082
5595,-1.5586,-1.4273
5596,-1.3418,-1.4709
5597,-1.1757,-1.3341
5598,-2.3991,-2.2104
5599,-1.9004,-1.7627
5600,-1.2518,-1.8103
5601,-1.4114,-1.4018
5602,-1.3812,-1.2103
5603,-1.171,-1.2655
5604,-1.7072,-1.8436
5605,-2.0851,-2.2224
5606,-1.5169,-1.7362
5607,-1.5456,-1.2945
5608,-2.0103,-2.0222
5609,-2.7497,-2.4614
5610,-0.9425,-0.8123
5611,-1.4287,-1.5836
5612,-0.7511,-0.952
5613,-1.8006,-1.6974
5614,-2.0378,-1.6004
5615,-0.7808,-0.828
5616,-1.744,-1.4093
5617,-2.0885,-1.6145
5618,-0.8367,-1.3252
5619,-0.8389,-0.6617
5620,-1.3664,-1.4424
5621,-1.3311,-1.3248
5622,-1.9478,-1.9954
5623,-1.7843,-1.5916
5624,-1.5608,-1.9145
5625,-1.7919,-1.6682
5626,-1.9912,-1.598
5627,-2.6806,-2.2055
5628,-1.6261,-1.3668
5629,-1.8556,-2.0598
5630,-2.0899,-1.7414
5631,-1.3019,-1.3731
5632,-2.2678,-2.0943
5633,-1.751,-1.415
5634,-1.7684,-1.8251
5635,-0.3798,-0.1738
5636,-1.7343,-2.1861
5637,-1.5217,-1.2675
5638,-1.0456,-1.0966
5639,-2.0133,-1.9887
5640,-2.4521,-2.6243
5641,-2.0437,-2.1964
5642,-0.7567,-0.7313
5643,-1.8365,-2.1108
5644,-1.1906,-1.3022
5645,-1.622,-1.0414
5646,-1.6635,-1.7891
5647,-1.3707,-1.3069
5648,-2.1512,-1.9334
5649,-1.432,-1.499
5650,-1.2144,-1.2622
5651,-1.1926,-1.4587
5652,-0.9838,-0.3052
5653,-1.0193,-1.099
5654,-2.2833,-2.0121
5655,-1.9963,-1.8514
5656,-1.254,-0.7681
5657,-1.9121,-1.8672
5658,-1.6087,-1.667
5659,-1.9857,-1.8885
5660,-1.8691,-1.8376
5661,-1.677,-1.9491
5662,-1.1201,-1.194
5663,-1.3268,-1.3492
5664,-2.0745,-2.2211
5665,-1.4887,-1.5388
5666,-1.1554,-1.2549
5667,-2.2778,-2.2902
5668,-1.0176,-1.0879
5669,-1.9918,-1.9213
5670,-1.66,-1.7201
5671,-1.4604,-1.026
5672,-1.3475,-1.3812
5673,-2.1636,-2.0351
5674,-1.5533,-1.3064
5675,-1.6816,-1.7144
5676,-0.9694,-0.9949
5677,-1.0041,-1.3323
5678,-1.3052,-1.1815
5679,-2.2715,-2.7288
5680,-1.6743,-2.149
5681,-1.773,-1.3983
5682,-1.1602,-1.0966
5683,-1.766,-1.5885
5684,-2.402,-2.1814
5685,-1.7795,-1.7113
5686,-1.9647,-1.4232
5687,-1.9591,-2.0446
5688,-1.3411,-1.1919
5689,-1.6107,-1.805
5690,-1.6432,-1.8404
5691,-1.5385,-1.5431
5692,-1.5092,-1.6855
5693,-1.7245,-1.7027
5694,-2.0027,-1.8244
5695,-2.0266,-2.2186
5696,-1.8184,-1.6899
5697,-2.3505,-2.1802
5698,-1.5545,-1.7752
5699,-0.7745,-1.0613
5700,-0.6811,-0.536
5701,-1.3235,-1.1666
5702,-0.9614,-1.027
5703,-1.2374,-1.3191
5704,-1.9058,-1.494
5705,-1.1352,-0.9503
5706,-1.6293,-1.5251
5707,-1.275,-1.363
5708,-1.3619,-1.1993
5709,-0.5764,-0.5721
5710,-1.9493,-2.5038
5711,-0.6077,-0.4469
5712,-2.2115,-2.319
5713,-1.8431,-1.6036
5714,-1.9089,-1.9497
5715,-2.5221,-2.2552
5716,-1.2291,-1.1109
5717,-0.7811,-0.4826
5718,-1.6647,-1.5694
5719,-1.3669,-1.1773
5720,-1.1302,-1.1758
5721,-2.211,-2.2518
5722,-1.6002,-1.5251
5723,-1.7762,-1.3609
5724,-0.9869,-1.3867
5725,-1.2323,-1.8126
5726,-1.5725,-1.6197
5727,-1.2181,-1.2342
5728,-1.5217,-1.5267
5729,-1.4379,-1.5331
5730,-1.5653,-1.2208
5731,-1.9779,-1.9267
5732,-2.0847,-1.7565
5733,-1.8353,-1.4877
5734,-2.343,-2.2335
5735,-2.6435,-2.2052
5736,-2.4286,-2.491
5737,-1.0345,-1.1266
5738,-0.613,-0.3519
5739,-1.0436,-0.8162
5740,-1.1828,-1.0892
5741,-2.1051,-2.1444
5742,-1.5368,-1.3338
5743,-2.3741,-2.3235
5744,-0.7767,-0.7073
5745,-2.1849,-2.5333
5746,-1.3274,-1.3731
5747,-1.7795,-1.2327
5748,-1.4199,-1.4782
5749,-1.4111,-1.1086
5750,-1.2965,-1.0991
5751,-1.7978,-1.5301
5752,-1.464,-1.1689
5753,-1.6999,-1.7123
5754,-1.8351,-1.4776
5755,-1.2767,-1.1086
5756,-1.7496,-1.8494
5757,-1.3065,-1.009
5758,-1.4055,-1.8192
5759,-2.4682,-2.2551
5760,-1.7522,-1.4249
5761,-1.0514,-0.8582
5762,-2.1765,-1.925
5763,-1.7334,-1.357
5764,-1.8612,-1.3733
5765,-2.1194,-2.06
5766,-2.0209,-2.4837
5767,-1.4125,-1.2093
5768,-2.3046,-2.168
5769,-1.4003,-1.4195
5770,-1.7079,-2.2991
5771,-1.5046,-2.0473
5772,-2.3276,-2.3348
5773,-2.002,-1.997
5774,-1.0771,-1.5205
5775,-0.2331,-0.4235
5776,-1.0285,-1.1231
5777,-1.6545,-1.7225
5778,-0.5507,-0.442
5779,-1.0489,-0.8356
5780,-1.5145,-1.3416
5781,-1.3275,-1.2818
5782,-1.401,-1.1977
5783,-1.3993,-1.0911
5784,-0.8644,-0.6562
5785,-1.3284,-1.339
5786,-1.3153,-0.9448
5787,-1.6176,-1.5731
5788,-1.7957,-1.8727
5789,-1.4939,-1.2876
5790,-1.8602,-1.5204
5791,-2.2102,-1.9689
5792,-2.3638,-2.1879
5793,-1.6273,-1.4164
5794,-1.5887,-1.422
5795,-1.3381,-1.6288
5796,-1.7011,-1.4218
5797,-1.2572,-0.7451
5798,-1.5456,-1.8084
5799,-1.5936,-1.7458
5800,-1.6099,-1.9038
5801,-1.6589,-1.7832
5802,-0.7973,-1.0159
5803,-0.9204,-1.0691
5804,-0.3875,-0.4637
5805,-1.8146,-2.3613
5806,-1.0318,-0.9922
5807,-0.4272,-0.4542
5808,-2.0233,-2.0299
5809,-1.0938,-0.923
5810,-1.8269,-1.6239
5811,-1.6955,-1.7703
5812,-1.9665,-1.8582
5813,-1.3987,-1.0976
5814,-1.7586,-2.2196
5815,-1.7494,-1.4781
5816,-1.3901,-0.9026
5817,-1.2195,-1.4515
5818,-0.3767,-0.4328
5819,-2.2208,-2.1029
5820,-1.0751,-1.0647
5821,-2.0767,-2.5681
5822,-1.8006,-1.3517
5823,-1.9091,-2.1739
5824,-1.7754,-1.8196
5825,-1.9018,-1.765
5826,-1.6533,-1.7036
5827,-1.6668,-2.0738
5828,-2.3528,-2.1367
5829,-1.3195,-1.2766
5830,-1.6566,-1.9235
5831,-0.3394,-0.3186
5832,-0.8265,-0.686
5833,-2.0375,-1.6909
5834,-1.0653,-1.1911
5835,-2.0367,-2.0167
5836,-1.1665,-1.2629
5837,-1.8025,-1.8594
5838,-2.1089,-1.9182
5839,-2.1994,-2.2208
5840,-2.1375,-1.658
5841,-1.6589,-2.1207
5842,-1.9883,-1.452
5843,-1.7141,-1.7152
5844,-2.2766,-2.3841
5845,-2.3637,-2.2293
5846,-1.621,-1.7063
5847,-1.3804,-1.0729
5848,-2.4932,-2.2241
5849,-1.0016,-0.8943
5850,-2.2003,-2.1138
5851,-1.4159,-1.5185
5852,-1.6027,-1.694
5853,-1.163,-1.5555
5854,-2.0763,-1.6293
5855,-2.1807,-2.0054
5856,-1.8028,-2.0223
5857,-1.5962,-1.5836
5858,-1.9779,-2.0285
5859,-1.7573,-1.7314
5860,-2.0969,-1.9985
5861,-1.9593,-1.684
5862,-2.3215,-2.3738
5863,-0.3909,-0.3563
5864,-1.4325,-1.6091
5865,-1.495,-1.6096
5866,-2.2852,-2.1882
5867,-1.5246,-1.3316
5868,-1.9456,-1.78
5869,-1.0914,-1.1123
5870,-1.455,-1.1865
5871,-1.6086,-1.4587
5872,-1.9033,-1.851
5873,-1.4569,-1.7891
5874,-1.4816,-1.5341
5875,-2.1334,-2.194
5876,-1.2467,-1.706
5877,-2.0209,-1.7471
5878,-1.9706,-1.9057
5879,-0.8404,-0.9006
5880,-1.1794,-0.85
5881,-2.9488,-2.5372
5882,-0.8155,-0.6222
5883,-1.2651,-1.2592
5884,-1.6174,-1.306
5885,-1.6062,-1.405
5886,-1.8306,-1.8627
5887,-2.0352,-2.288
5888,-1.8597,-1.977
5889,-1.8278,-1.4938
5890,-1.7615,-1.2907
5891,-1.1878,-1.2164
5892,-1.5357,-1.48
5893,-2.3251,-2.3486
5894,-0.5722,-0.3608
5895,-0.9116,-0.9059
5896,-1.8838,-1.7497
5897,-1.5336,-1.4176
5898,-2.1493,-2.0926
5899,-0.5113,-0.5838
5900,-1.4176,-1.4365
5901,-1.8933,-1.7498
5902,-1.9443,-1.7813
5903,-1.9057,-1.898
5904,-2.105,-2.1394
5905,-0.8649,-0.9473
5906,-0.7376,-0.6606
5907,-1.6226,-1.9018
5908,-2.4844,-2.3128
5909,-1.7986,-2.0148
5910,-1.8745,-2.1772
5911,-1.9273,-1.6132
5912,-1.197,-1.2694
5913,-2.1155,-1.7814
5914,-1.4296,-1.7406
5915,-1.4569,-1.7949
5916,-1.1599,-1.0383
5917,-1.4966,-1.5006
5918,-1.9063,-2.1357
5919,-0.8547,-1.1454
5920,-1.8286,-1.6366
5921,-1.5318,-1.5286
5922,-1.139,-1.355
5923,-2.2276,-2.2706
5924,-1.5426,-1.4907
5925,-1.6456,-1.7391
5926,-1.7218,-2.0165
5927,-2.1089,-2.0896
5928,-1.483,-1.4201
5929,-1.468,-1.2696
5930,-1.5261,-1.1992
5931,-1.1381,-1.4462
5932,-0.9368,-0.4381
5933,-1.516,-1.6798
5934,-1.5437,-1.3083
5935,-1.774,-1.8561
5936,-1.2526,-1.7198
5937,-1.0619,-0.8539
5938,-1.6424,-1.573
5939,-1.5768,-1.3086
5940,-1.7065,-1.4396
5941,-1.9222,-1.9901
5942,-0.9089,-0.3783
5943,-1.5135,-1.3846
5944,-1.7547,-1.9108
5945,-0.715,-0.5802
5946,-1.3578,-1.2526
5947,-2.5911,-2.4671
5948,-1.33,-1.6841
5949,-1.904,-2.0449
5950,-1.1034,-0.8413
5951,-1.7952,-1.5254
5952,-1.8034,-1.8981
5953,-1.8503,-1.8717
5954,-0.391,-0.3662
5955,-0.7075,-0.9707
5956,-2.187,-2.1547
5957,-1.1189,-0.7754
5958,-2.1076,-1.9297
5959,-1.0548,-1.5956
5960,-1.0422,-1.2495
5961,-1.8811,-1.9615
5962,-0.4144,-0.4618
5963,-1.5792,-1.7536
5964,-1.1351,-1.128
5965,-1.7715,-1.6903
5966,-1.0439,-0.7927
5967,-1.3696,-1.471
5968,-1.64,-2.1227
5969,-2.6485,-2.6163
5970,-1.7339,-1.8258
5971,-2.2563,-2.1508
5972,-1.336,-1.4696
5973,-1.3421,-1.0379
5974,-1.4821,-1.2334
5975,-1.0088,-0.9577
5976,-1.6554,-2.0124
5977,-0.8318,-0.3679
5978,-1.0904,-1.005
5979,-1.2242,-1.5895
5980,-2.1488,-1.9192
5981,-1.6806,-1.6227
5982,-1.2251,-0.7567
5983,-1.9646,-1.9834
5984,-0.3897,-0.231
5985,-2.3028,-2.2923
5986,-1.8533,-1.993
5987,-0.6701,-0.4357
5988,-1.0737,-1.0312
5989,-1.6797,-1.715
5990,-1.9221,-2.1113
5991,-0.5589,-0.5614
5992,-1.6796,-1.8214
5993,-2.2386,-2.1868
5994,-2.1364,-1.9538
5995,-1.3102,-1.2849
5996,-1.2024,-1.4203
5997,-1.6286,-1.8465
5998,-0.8855,-1.0142
5999,-1.438,-1.4451
6000,-0.9523,-1.3341
6001,-0.8759,-0.9053
6002,-1.5842,-1.5678
6003,-1.7426,-1.5486
6004,-0.9749,-1.1096
6005,-0.9756,-0.7986
6006,-1.3798,-1.0392
6007,-0.4613,-0.3146
6008,-1.3231,-1.0264
6009,-1.5149,-1.7188
6010,-1.7087,-1.8862
6011,-1.1526,-1.385
6012,-1.3942,-1.409
6013,-1.7509,-2.004
6014,-1.319,-0.9695
6015,-1.2236,-1.169
6016,-2.5743,-2.4935
6017,-1.1859,-1.1378
6018,-1.9362,-1.7262
6019,-1.0131,-0.963
6020,-1.8901,-1.6583
6021,-1.8755,-1.9908
6022,-1.837,-2.0351
6023,-1.3559,-1.4876
6024,-1.2067,-1.2987
6025,-1.9903,-2.4427
6026,-2.6773,-2.605
6027,-0.9582,-0.5448
6028,-1.9188,-1.5717
6029,-1.8198,-1.6924
6030,-2.0633,-2.3339
6031,-1.9623,-1.7722
6032,-1.177,-0.927
6033,-1.6926,-1.8246
6034,-1.6482,-2.108
6035,-1.9234,-1.9382
6036,-1.6357,-1.6959
6037,-1.4586,-1.406
6038,-2.3398,-2.3764
6039,-1.6656,-1.7465
6040,-1.315,-1.6518
6041,-1.8384,-1.6848
6042,-0.874,-1.4008
6043,-1.5495,-1.7156
6044,-1.5061,-2.0673
6045,-1.4328,-1.2395
6046,-1.3671,-0.9495
6047,-1.0381,-1.0143
6048,-1.7333,-1.3869
6049,-1.6273,-1.6593
6050,-1.7065,-1.68
6051,-1.3925,-1.5838
6052,-2.3885,-2.1868
6053,-1.3835,-1.5878
6054,-1.3846,-1.2593
6055,-0.907,-0.814
6056,-0.8496,-0.7715
6057,-1.978,-1.8237
6058,-1.8398,-1.9137
6059,-1.441,-0.7881
6060,-1.9994,-1.8626
6061,-1.9837,-2.0534
6062,-2.2295,-2.4999
6063,-1.7803,-1.3116
6064,-1.8727,-1.6591
6065,-0.8638,-0.9262
6066,-1.7237,-1.6395
6067,-1.4826,-1.4757
6068,-1.531,-1.4972
6069,-1.9549,-1.6962
6070,-1.1542,-1.0767
6071,-1.7467,-1.9996
6072,-2.1217,-2.0224
6073,-1.843,-1.7028
6074,-1.6652,-1.6391
6075,-1.9751,-1.7156
6076,-1.7195,-1.5895
6077,-1.8782,-1.5323
6078,-1.2875,-1.2321
6079,-1.5717,-1.6484
6080,-0.8813,-0.8025
6081,-1.0456,-1.2002
6082,-2.3303,-2.1674
6083,-0.8843,-0.847
6084,-1.9072,-2.1999
6085,-1.0096,-0.8824
6086,-1.6744,-1.6826
6087,-1.0674,-1.0756
6088,-2.3206,-2.0927
6089,-1.2225,-1.0519
6090,-1.4978,-1.0037
6091,-1.3384,-1.5415
6092,-0.9097,-1.133
6093,-0.8992,-1.2107
6094,-1.8016,-1.697
6095,-1.9828,-2.2875
6096,-2.0142,-1.7584
6097,-1.9153,-1.8916
6098,-1.7036,-1.362
6099,-2.1631,-2.57
6100,-1.2715,-1.2147
6101,-0.6771,-0.6327
6102,-1.463,-1.1745
6103,-0.954,-0.7757
6104,-2.3313,-2.0168
6105,-1.82,-1.6395
6106,-1.2623,-1.3734
6107,-1.5816,-1.7949
6108,-1.4127,-1.2739
6109,-2.1249,-1.9162
6110,-1.1537,-1.3772
6111,-1.7249,-1.6617
6112,-1.7177,-1.9919
6113,-1.8969,-2.0706
6114,-1.9978,-1.8498
6115,-1.8968,-2.0741
6116,-1.4313,-1.6285
6117,-1.5109,-1.3992
6118,-1.4284,-1.1614
6119,-0.956,-1.0994
6120,-1.9123,-1.7202
6121,-2.0647,-2.1409
6122,-1.5914,-1.1123
6123,-2.5068,-2.816
6124,-2.1484,-2.3371
6125,-0.9379,-0.9043
6126,-0.9301,-0.8967
6127,-1.2373,-1.1628
6128,-2.2886,-2.423
6129,-0.9925,-1.0004
6130,-2.3098,-2.4104
6131,-1.0225,-1.4338
6132,-1.5657,-1.8332
6133,-1.4182,-1.1037
6134,-2.1142,-2.3883
6135,-0.97,-1.1205
6136,-0.7866,-0.92
6137,-1.0885,-1.2984
6138,-1.0851,-1.2075
6139,-1.3475,-1.4507
6140,-1.4539,-1.3085
6141,-1.148,-1.3343
6142,-1.7548,-2.1982
6143,-1.0822,-0.8079
6144,-1.9137,-1.7372
6145,-1.5506,-1.6452
6146,-1.5829,-1.7478
6147,-2.52,-2.4718
6148,-2.0366,-2.0609
6149,-0.7352,-0.6247
6150,-0.9038,-1.0254
6151,-1.4979,-1.3032
6152,-1.9721,-1.764
6153,-0.9115,-0.845
6154,-0.3826,-0.4732
6155,-2.1511,-1.8529
6156,-1.6859,-1.8119
6157,-1.6971,-1.7774
6158,-1.6221,-1.1979
6159,-2.7391,-2.7342
6160,-2.4642,-2.6659
6161,-1.9327,-1.9219
6162,-2.1259,-2.3876
6163,-1.775,-1.7303
6164,-1.7763,-1.5912
6165,-1.0944,-1.1643
6166,-1.4572,-1.5367
6167,-0.6066,-0.6644
6168,-1.5838,-1.7753
6169,-1.431,-1.1262
6170,-1.5397,-1.5452
6171,-1.9179,-1.9778
6172,-1.69,-1.5277
6173,-1.3172,-1.231
6174,-1.6109,-1.3742
6175,-2.7217,-2.4181
6176,-2.1348,-2.0124
6177,-0.7513,-0.4562
6178,-1.4891,-1.492
6179,-1.1937,-1.0259
6180,-1.7756,-1.642
6181,-1.4208,-1.0929
6182,-0.8779,-0.9898
6183,-1.4975,-1.6321
6184,-0.7188,-0.9269
6185,-2.9428,-2.8576
6186,-1.6246,-1.4724
6187,-2.1631,-1.9507
6188,-2.4098,-2.3103
6189,-2.0414,-1.4354
6190,-1.595,-1.3296
6191,-1.8371,-1.8929
6192,-1.6533,-1.926
6193,-1.9749,-1.9849
6194,-2.2996,-2.5123
6195,-1.263,-0.8464
6196,-2.6107,-2.7647
6197,-1.6078,-1.4103
6198,-1.5367,-1.8569
6199,-1.8302,-1.4943
6200,-0.9475,-1.0744
6201,-2.0784,-2.2093
6202,-2.8428,-2.494
6203,-1.2749,-1.1846
6204,-0.9803,-0.6034
6205,-1.4106,-1.6227
6206,-1.2824,-1.1427
6207,-1.0041,-0.9659
6208,-0.9099,-1.5561
6209,-2.1358,-2.2525
6210,-1.5647,-1.8476
6211,-1.2083,-1.0083
6212,-1.6418,-1.5292
6213,-1.3364,-1.3424
6214,-1.6552,-1.1632
6215,-1.0588,-1.0975
6216,-2.3751,-2.5379
6217,-1.8243,-2.0011
6218,-2.6213,-2.7991
6219,-1.2829,-1.3114
6220,-2.0743,-1.4865
6221,-1.3835,-1.5405
6222,-1.5624,-1.8215
6223,-0.9781,-1.2391
6224,-1.2351,-1.1167
6225,-1.5359,-1.2585
6226,-2.1724,-1.7594
6227,-1.8869,-1.8714
6228,-1.2862,-1.1252
6229,-1.7229,-1.3793
6230,-1.955,-1.9264
6231,-1.8725,-1.7141
6232,-1.539,-1.3556
6233,-1.0372,-1.2526
6234,-0.933,-0.7905
6235,-1.7649,-1.4233
6236,-1.3523,-1.0778
6237,-1.5555,-1.7269
6238,-1.7589,-1.4245
6239,-1.1845,-1.5162
6240,-1.2103,-0.8579
6241,-1.5056,-1.0616
6242,-1.5558,-1.6538
6243,-1.6398,-1.7116
6244,-1.8335,-1.6014
6245,-1.6275,-1.497
6246,-1.7935,-2.0536
6247,-1.0982,-1.0113
6248,-1.8357,-1.4843
6249,-1.0912,-1.3196
6250,-1.4871,-1.7089
6251,-1.2522,-1.0439
6252,-1.5798,-1.187
6253,-0.8455,-1.2897
6254,-1.9386,-2.2625
6255,-0.584,-0.6429
6256,-2.6135,-2.5606
6257,-1.2643,-1.5465
6258,-2.1736,-2.1082
6259,-0.8844,-0.7975
6260,-1.0579,-1.1496
6261,-1.9942,-1.7619
6262,-1.2612,-0.862
6263,-1.0785,-0.9458
6264,-2.28,-1.9854
6265,-2.6214,-2.8887
6266,-1.698,-1.8209
6267,-1.6735,-1.7641
6268,-0.7564,-0.2281
6269,-2.0877,-2.0916
6270,-1.6664,-1.5531
6271,-2.4743,-2.651
6272,-1.2721,-1.4793
6273,-2.6237,-2.8337
6274,-1.4626,-1.3152
6275,-1.7123,-1.7141
6276,-1.8642,-1.8926
6277,-1.6646,-1.8246
6278,-2.1081,-2.0962
6279,-2.2016,-2.1076
6280,-1.9327,-1.2623
6281,-1.297,-1.0398
6282,-1.7978,-1.6445
6283,-1.9691,-2.0047
6284,-1.9719,-2.0606
6285,-1.4796,-1.5462
6286,-1.4949,-1.3234
6287,-1.6853,-1.5801
6288,-0.7892,-0.7343
6289,-1.8886,-1.6366
6290,-2.1845,-2.1362
6291,-2.0508,-1.7107
6292,-2.0431,-2.0569
6293,-0.6493,-0.6602
6294,-0.9535,-1.0964
6295,-1.3672,-1.329
6296,-1.0307,-1.2843
6297,-2.532,-2.2611
6298,-0.9543,-1.0942
6299,-1.9429,-1.6471
6300,-1.6539,-1.323
6301,-1.8548,-1.91
6302,-0.9995,-1.5763
6303,-1.2926,-1.1833
6304,-1.4139,-1.83
6305,-1.3394,-1.3864
6306,-1.3342,-1.5127
6307,-1.7146,-1.0806
6308,-1.4928,-1.4393
6309,-1.4789,-1.4911
6310,-1.3059,-1.1075
6311,-1.0501,-0.8881
6312,-1.1714,-0.8651
6313,-0.9108,-0.9933
6314,-1.3771,-1.3473
6315,-0.8719,-0.9474
6316,-2.206,-2.2012
6317,-2.1096,-2.0511
6318,-0.9924,-1.0994
6319,-1.9559,-1.6977
6320,-0.8761,-0.7013
6321,-0.5576,-0.9134
6322,-2.3046,-2.4791
6323,-1.9591,-2.3067
6324,-0.9388,-1.2215
6325,-1.7638,-1.4103
6326,-2.0591,-1.7629
6327,-0.7109,-0.5153
6328,-2.2047,-2.7083
6329,-1.464,-1.58
6330,-1.8612,-1.8926
6331,-1.8354,-1.4972
6332,-1.7602,-1.1546
6333,-1.6322,-1.5635
6334,-0.7388,-0.5956
6335,-1.8452,-1.5151
6336,-0.9676,-1.2399
6337,-2.2331,-2.3585
6338,-1.6378,-2.0592
6339,-1.6397,-1.8266
6340,-2.4325,-2.6741
6341,-1.5211,-1.5834
6342,-0.7383,-0.3497
6343,-2.3602,-2.4636
6344,-1.8957,-1.5111
6345,-1.8337,-1.5211
6346,-1.5875,-2.0467
6347,-0.5142,-0.7728
6348,-1.4884,-1.5298
6349,-1.1839,-0.928
6350,-1.176,-1.2691
6351,-1.7956,-1.5411
6352,-1.5854,-2.0264
6353,-1.5247,-1.5937
6354,-2.0307,-1.7419
6355,-2.6003,-2.5907
6356,-1.1554,-1.2363
6357,-1.4701,-1.5101
6358,-1.6965,-1.5258
6359,-2.3125,-2.0232
6360,-1.1777,-1.0179
6361,-1.0017,-1.2283
6362,-1.8507,-1.8979
6363,-1.0438,-0.7287
6364,-1.6406,-1.8307
6365,-1.6923,-1.8863
6366,-1.5967,-1.6451
6367,-1.4877,-0.9648
6368,-2.2086,-1.8076
6369,-1.1661,-0.9992
6370,-1.7315,-1.7992
6371,-1.9903,-1.8509
6372,-1.0216,-1.2426
6373,-1.6622,-1.8754
6374,-1.2069,-1.2121
6375,-1.4407,-0.9017
6376,-0.8701,-1.2417
6377,-0.8732,-0.9579
6378,-1.1854,-0.994
6379,-1.2456,-1.1029
6380,-2.0009,-1.4756
6381,-1.0217,-1.015
6382,-1.5976,-1.5145
6383,-1.4145,-1.0161
6384,-2.0954,-2.234
6385,-2.3115,-2.2278
6386,-1.7601,-1.7397
6387,-1.9864,-1.5528
6388,-1.0732,-1.0028
6389,-0.4823,-0.4976
6390,-0.745,-1.0653
6391,-1.6268,-1.5424
6392,-1.1691,-1.3365
6393,-2.6437,-2.1953
6394,-1.8182,-1.9157
6395,-2.3199,-2.1473
6396,-2.6525,-2.483
6397,-1.4238,-1.2423
6398,-1.8169,-1.9109
6399,-0.7795,-0.7498
6400,-1.7245,-2.0313
6401,-1.4399,-1.6306
6402,-1.9708,-1.8633
6403,-0.9675,-1.1509
6404,-1.1416,-1.1611
6405,-1.878,-2.1616
6406,-0.8741,-0.9763
6407,-1.4884,-1.7552
6408,-0.5825,-0.6164
6409,-2.3405,-2.0985
6410,-2.0834,-2.0688
6411,-1.418,-1.9887
6412,-2.2878,-2.2846
6413,-1.0404,-0.7874
6414,-1.8618,-1.7779
6415,-1.9471,-1.7252
6416,-1.1948,-1.1497
6417,-1.0675,-1.389
6418,-2.4481,-2.2278
6419,-1.4289,-1.2962
6420,-1.4728,-1.0206
6421,-1.4358,-1.3197
6422,-1.8071,-1.9637
6423,-2.168,-2.1019
6424,-2.8424,-3.1203
6425,-1.1676,-1.0142
6426,-1.4922,-1.7976
6427,-2.205,-2.1873
6428,-2.0046,-1.7538
6429,-1.0565,-1.2891
6430,-1.4624,-1.5176
6431,-1.4958,-1.592
6432,-1.2725,-1.064
6433,-1.1655,-0.8653
6434,-1.8234,-1.7297
6435,-1.3948,-1.286
6436,-2.3895,-2.5861
6437,-2.2936,-1.6282
6438,-1.3253,-1.2657
6439,-1.8954,-1.6765
6440,-1.9112,-2.0732
6441,-2.2538,-2.2551
6442,-1.9195,-1.7923
6443,-1.1642,-0.9931
6444,-1.2277,-1.1062
6445,-2.1959,-2.8521
6446,-2.0848,-2.3365
6447,-1.3457,-1.2968
6448,-2.0762,-2.1008
6449,-1.5159,-1.855
6450,-1.6592,-2.0898
6451,-1.2975,-1.3321
6452,-1.909,-1.8034
6453,-1.7956,-1.9038
6454,-1.4335,-1.1518
6455,-2.3026,-2.3219
6456,-1.728,-1.6961
6457,-1.0086,-0.5275
6458,-1.8607,-1.5677
6459,-2.2911,-2.0168
6460,-1.803,-1.8357
6461,-2.201,-2.3364
6462,-0.9502,-1.0472
6463,-1.6761,-1.3694
6464,-1.3282,-1.1438
6465,-2.0768,-2.1542
6466,-1.2616,-1.3047
6467,-1.7677,-1.8585
6468,-1.5182,-1.8874
6469,-1.4531,-1.2975
6470,-1.7602,-1.9744
6471,-1.4999,-1.5618
6472,-1.2364,-1.0866
6473,-1.4132,-1.4597
6474,-1.9336,-1.65
6475,-0.8108,-0.5922
6476,-1.6292,-1.8063
6477,-2.4605,-2.6649
6478,-1.1317,-1.1119
6479,-1.0904,-0.6883
6480,-1.6667,-2.0323
6481,-1.1881,-1.0238
6482,-1.0531,-1.1352
6483,-1.6897,-1.8857
6484,-1.8893,-1.9453
6485,-1.2532,-1.2983
6486,-1.7512,-1.8761
6487,-1.7061,-1.7885
6488,-1.9708,-1.9811
6489,-2.0079,-1.764
6490,-1.3709,-1.4755
6491,-2.1151,-2.0518
6492,-1.5196,-1.5381
6493,-1.8399,-1.7418
6494,-2.1591,-1.986
6495,-2.2327,-2.3119
6496,-1.5409,-1.7265
6497,-2.1161,-2.3152
6498,-1.9945,-2.1437
6499,-1.9697,-1.6027
6500,-1.8547,-1.9165
6501,-1.3357,-1.416
6502,-1.3512,-1.7679
6503,-1.6491,-1.555
6504,-1.9336,-1.4991
6505,-1.4197,-1.6611
6506,-1.8457,-1.6224
6507,-1.7211,-1.467
6508,-1.1253,-1.0359
6509,-1.8108,-1.4397
6510,-2.1478,-2.0965
6511,-1.5412,-1.2303
6512,-1.7214,-1.8307
6513,-1.4355,-1.016
6514,-1.4347,-1.5694
6515,-1.6762,-1.589
6516,-1.5684,-1.436
6517,-1.3517,-1.3085
6518,-2.0522,-2.088
6519,-0.7106,-0.5597
6520,-1.7115,-1.5471
6521,-0.5677,-0.3995
6522,-1.4925,-1.3156
6523,-2.0098,-1.671
6524,-2.0544,-1.6925
6525,-1.7843,-1.2784
6526,-2.1545,-2.6212
6527,-1.4242,-1.7525
6528,-0.8492,-0.7448
6529,-1.4906,-1.0475
6530,-1.7544,-1.9873
6531,-1.2156,-1.2137
6532,-2.0234,-1.8963
6533,-1.3223,-1.2809
6534,-1.7031,-1.1249
6535,-1.8375,-1.7348
6536,-1.3788,-1.4406
6537,-1.6895,-1.7927
6538,-1.8105,-1.7934
6539,-1.9306,-1.84
6540,-1.8052,-1.2781
6541,-1.0217,-0.9122
6542,-1.3997,-1.4201
6543,-2.085,-1.9051
6544,-2.3047,-2.3899
6545,-1.6726,-1.6028
6546,-1.284,-1.1354
6547,-1.7672,-1.621
6548,-0.2526,0.0145
6549,-1.7504,-1.475
6550,-1.1632,-1.3802
6551,-1.7829,-1.1029
6552,-1.628,-1.5725
6553,-1.7875,-1.6006
6554,-1.6504,-1.2757
6555,-0.7007,-0.6852
6556,-1.7887,-1.9847
6557,-2.4543,-2.7934
6558,-1.5226,-1.3726
6559,-2.5135,-2.3115
6560,-1.6422,-1.3952
6561,-0.7591,-0.6792
6562,-1.6553,-1.3309
6563,-1.4292,-1.5738
6564,-1.5071,-1.2589
6565,-1.6358,-1.9577
6566,-2.2001,-2.537
6567,-1.4923,-1.4283
6568,-1.4972,-1.2728
6569,-0.8594,-0.727
6570,-1.4724,-1.6597
6571,-1.3192,-1.0521
6572,-1.9678,-2.2787
6573,-1.9953,-1.9537
6574,-1.6853,-1.8982
6575,-0.9786,-1.2209
6576,-2.0311,-1.9564
6577,-2.128,-1.9885
6578,-1.6773,-1.5697
6579,-1.6804,-1.4986
6580,-0.7622,-0.6121
6581,-2.7735,-3.0986
6582,-1.5393,-1.7365
6583,-2.0048,-2.0052
6584,-0.9642,-0.8223
6585,-1.0216,-1.1468
6586,-1.5978,-1.8315
6587,-1.0131,-1.4298
6588,-1.2749,-1.5656
6589,-1.3222,-1.0663
6590,-1.2821,-1.4675
6591,-1.4606,-1.4963
6592,-1.8324,-1.5591
6593,-2.5001,-2.5863
6594,-1.775,-1.6933
6595,-1.8527,-2.0914
6596,-1.3172,-1.0472
6597,-1.5689,-1.0911
6598,-2.3517,-2.4685
6599,-1.7701,-1.7799
6600,-0.9201,-0.9779
6601,-1.1426,-1.0297
6602,-1.718,-1.4559
6603,-2.4553,-2.4679
6604,-1.8265,-1.3934
6605,-1.414,-1.6262
6606,-2.0422,-2.144
6607,-2.9098,-2.5176
6608,-1.2241,-0.8549
6609,-2.0708,-2.0026
6610,-1.663,-1.465
6611,-1.6891,-1.5368
6612,-1.6824,-1.6745
6613,-1.4528,-1.4086
6614,-1.9512,-1.8453
6615,-1.1682,-1.0997
6616,-1.7519,-1.756
6617,-1.7338,-1.379
6618,-1.8339,-1.9786
6619,-1.7216,-1.8217
6620,-1.4391,-1.5975
6621,-1.6269,-1.8112
6622,-1.6418,-1.4513
6623,-2.0841,-2.2848
6624,-1.0007,-1.3053
6625,-2.0134,-1.9763
6626,-0.9349,-0.6878
6627,-1.5055,-1.5556
6628,-1.3887,-1.7848
6629,-1.5733,-1.6196
6630,-0.8229,-0.9184
6631,-1.8731,-1.4788
6632,-1.9473,-1.7012
6633,-1.647,-1.6665
6634,-2.1553,-1.981
6635,-1.5919,-1.5599
6636,-2.2284,-2.4677
6637,-1.1454,-0.9693
6638,-1.8232,-2.3531
6639,-1.8957,-1.3768
6640,-1.5148,-1.4184
6641,-1.7037,-1.5397
6642,-1.91,-1.7001
6643,-0.823,-1.591
6644,-1.6945,-1.8443
6645,-1.1293,-1.0844
6646,-1.5251,-1.3782
6647,-0.4823,-0.6897
6648,-1.4642,-0.9904
6649,-2.192,-2.432
6650,-1.8087,-1.8517
6651,-1.713,-1.9312
6652,-0.9937,-1.1244
6653,-1.6743,-1.6305
6654,-2.0506,-2.1751
6655,-0.5667,-1.0346
6656,-1.8176,-1.7938
6657,-1.8456,-1.7762
6658,-1.6712,-1.6119
6659,-1.8749,-1.7716
6660,-1.3593,-1.6442
6661,-1.7405,-1.292
6662,-2.3205,-2.4989
6663,-1.1317,-1.0759
6664,-1.5896,-1.8884
6665,-1.4049,-1.8468
6666,-1.5427,-1.3291
6667,-1.7496,-2.0263
6668,-0.9586,-0.9079
6669,-1.0381,-1.1314
6670,-1.4931,-1.1245
6671,-1.8144,-1.6034
6672,-1.9702,-1.9797
6673,-1.9334,-1.9328
6674,-1.3315,-1.5212
6675,-1.6653,-1.705
6676,-0.9719,-0.8078
6677,-1.4959,-1.1163
6678,-2.3662,-2.2659
6679,-1.1854,-1.2279
6680,-1.6884,-1.7459
6681,-1.5421,-1.5771
6682,-1.2787,-1.6436
6683,-1.4098,-1.231
6684,-1.5686,-1.4819
6685,-1.5851,-1.8741
6686,-1.8349,-1.8031
6687,-2.6322,-2.6285
6688,-2.4817,-2.9359
6689,-0.8563,-0.7585
6690,-1.4864,-1.4047
6691,-1.8665,-2.0167
6692,-1.4416,-1.7191
6693,-1.0217,-0.6718
6694,-1.446,-1.4234
6695,-2.0444,-1.6934
6696,-2.2,-1.9317
6697,-1.6028,-1.5037
6698,-1.0571,-1.085
6699,-2.4328,-2.6044
6700,-0.9728,-1.2297
6701,-1.6063,-1.805
6702,-2.3757,-2.7369
6703,-1.8455,-1.793
6704,-1.2612,-0.9487
6705,-1.6793,-2.0519
6706,-1.4409,-1.291
6707,-1.8959,-1.9072
6708,-1.8605,-1.5472
6709,-1.4107,-1.3717
6710,-3.0268,-3.1147
6711,-1.5543,-1.8262
6712,-1.3467,-0.8158
6713,-1.9406,-1.6538
6714,-1.5435,-1.6199
6715,-1.6,-1.2912
6716,-1.3209,-1.5321
6717,-1.8517,-1.2797
6718,-1.5616,-1.588
6719,-0.9171,-1.1281
6720,-1.5812,-1.493
6721,-1.2533,-1.7296
6722,-1.0311,-0.9394
6723,-1.7254,-1.9547
6724,-1.9955,-2.235
6725,-0.9991,-1.2602
6726,-1.6988,-1.9345
6727,-1.7712,-1.749
6728,-0.6202,-1.0211
6729,-1.1477,-1.015
6730,-2.468,-2.3803
6731,-2.2018,-2.0926
6732,-2.4288,-2.2942
6733,-2.7341,-2.9858
6734,-1.7363,-1.935
6735,-1.3166,-1.2188
6736,-1.676,-1.5184
6737,-1.9385,-2.0566
6738,-1.3052,-1.4152
6739,-1.1132,-0.9144
6740,-1.7647,-1.5662
6741,-1.9144,-1.9829
6742,-1.5179,-1.2071
6743,-1.82,-1.5841
6744,-2.423,-1.8897
6745,-1.9092,-1.5377
6746,-2.4839,-2.258
6747,-2.1273,-2.1962
6748,-1.2804,-1.2938
6749,-1.7029,-1.4508
6750,-1.6123,-1.3358
6751,-2.2514,-2.1796
6752,-2.341,-2.4417
6753,-1.6583,-1.3683
6754,-2.3193,-2.6159
6755,-1.4884,-1.5751
6756,-1.2685,-1.078
6757,-1.5698,-1.922
6758,-1.7517,-1.4682
6759,-1.306,-1.5715
6760,-0.9827,-1.2287
6761,-1.1855,-1.1289
6762,-1.0056,-0.9149
6763,-1.7344,-1.8981
6764,-1.4355,-1.3835
6765,-2.1074,-1.904
6766,-0.6681,-0.6654
6767,-1.8452,-1.5178
6768,-1.8823,-2.0783
6769,-1.5775,-1.3704
6770,-2.1599,-1.4761
6771,-0.7221,-0.7769
6772,-1.881,-1.6568
6773,-1.7757,-2.0395
6774,-1.9441,-1.9557
6775,-1.7189,-1.4371
6776,-0.6199,-0.4343
6777,-1.8752,-1.5937
6778,-1.7045,-1.7232
6779,-1.1028,-1.3198
6780,-1.531,-2.024
6781,-1.5093,-1.5027
6782,-1.3509,-1.4737
6783,-2.289,-1.9129
6784,-0.9793,-0.791
6785,-0.787,-1.077
6786,-1.7994,-1.6137
6787,-1.0488,-1.1714
6788,-2.0548,-1.7235
6789,-2.1587,-2.4256
6790,-0.6564,-0.9255
6791,-1.7963,-2.3071
6792,-2.4682,-2.4826
6793,-1.3806,-1.1936
6794,-0.683,-0.7638
6795,-1.4283,-1.5839
6796,-1.4178,-1.4169
6797,-1.6868,-2.0667
6798,-1.9378,-2.1689
6799,-0.6869,-0.5226
6800,-2.611,-2.3318
6801,-0.9319,-0.6875
6802,-1.8228,-2.296
6803,-2.4611,-2.5848
6804,-2.5412,-2.2654
6805,-1.6812,-1.746
6806,-1.6268,-1.3734
6807,-2.512,-2.6417
6808,-1.9041,-1.6453
6809,-1.5714,-1.4839
6810,-2.3213,-2.5044
6811,-1.8069,-1.6411
6812,-1.2964,-1.5489
6813,-1.4283,-1.6187
6814,-1.4075,-1.5743
6815,-2.1133,-2.2077
6816,-1.7133,-1.4896
6817,-1.3508,-1.828
6818,-2.8424,-2.73
6819,-2.3665,-2.0796
6820,-1.3017,-1.5431
6821,-2.4337,-2.3562
6822,-1.819,-1.7417
6823,-2.1089,-1.8375
6824,-1.2707,-1.2217
6825,-1.6687,-1.8744
6826,-1.2504,-1.4099
6827,-0.7185,-1.2148
6828,-1.1855,-1.3889
6829,-1.2599,-1.0823
6830,-1.4283,-1.2655
6831,-1.5427,-1.468
6832,-1.0207,-0.2936
6833,-1.6787,-1.9363
6834,-2.0605,-2.3077
6835,-1.6698,-1.8236
6836,-1.436,-1.4252
6837,-0.5183,-0.6279
6838,-1.6202,-1.5248
6839,-1.4962,-1.8963
6840,-1.4202,-1.1975
6841,-2.2879,-2.1744
6842,-1.9286,-2.2534
6843,-0.4531,-0.5763
6844,-1.7825,-1.5974
6845,-1.6338,-1.8278
6846,-2.3612,-2.1675
6847,-1.9512,-2.0158
6848,-1.0742,-0.8069
6849,-2.1466,-2.1662
6850,-1.4961,-1.8785
6851,-2.2693,-1.9693
6852,-1.9509,-2.2756
6853,-1.938,-2.0981
6854,-1.3026,-1.0375
6855,-1.4813,-1.8988
6856,-1.5763,-1.2471
6857,-2.1262,-2.2652
6858,-1.2039,-1.2317
6859,-0.4724,-0.7698
6860,-1.4619,-1.1758
6861,-1.9611,-2.1365
6862,-1.6895,-1.8487
6863,-1.7521,-1.7776
6864,-1.8579,-1.9766
6865,-1.382,-1.1663
6866,-1.871,-1.7543
6867,-2.4656,-2.6439
6868,-0.5259,-0.0225
6869,-2.1415,-2.4878
6870,-0.3927,-0.1989
6871,-2.2983,-2.4781
6872,-1.9015,-1.6756
6873,-1.1781,-1.2273
6874,-1.0676,-0.8853
6875,-2.1545,-2.1505
6876,-1.8665,-2.0742
6877,-1.5487,-1.0654
6878,-1.1255,-1.4513
6879,-1.3782,-1.1958
6880,-2.7363,-2.7373
6881,-0.7899,-0.4144
6882,-1.4152,-1.5104
6883,-1.8577,-1.9276
6884,-1.1573,-1.161
6885,-2.1888,-2.4768
6886,-1.1063,-1.6959
6887,-2.0088,-1.6312
6888,-1.9397,-2.2557
6889,-1.6399,-1.6149
6890,-1.3456,-1.299
6891,-1.739,-1.2623
6892,-1.6189,-1.1791
6893,-2.1699,-2.2438
6894,-1.548,-1.7095
6895,-0.892,-1.103
6896,-0.9781,-1.3542
6897,-1.9981,-1.9394
6898,-1.8198,-1.5523
6899,-2.3615,-2.1701
6900,-1.8074,-1.6278
6901,-1.7561,-1.4984
6902,-1.6186,-1.7599
6903,-1.3619,-1.3838
6904,-1.8979,-1.5852
6905,-1.645,-1.3506
6906,-2.6895,-2.5617
6907,-3.0835,-2.8832
6908,-0.473,-0.5672
6909,-1.6963,-2.0728
6910,-0.9896,-1.0535
6911,-1.4692,-1.4185
6912,-2.3027,-2.6419
6913,-1.52,-1.8297
6914,-1.8887,-1.6539
6915,-1.7369,-1.7999
6916,-2.5206,-2.455
6917,-1.3658,-1.2643
6918,-1.8562,-2.0311
6919,-1.9365,-1.5943
6920,-2.3453,-2.3312
6921,-1.7921,-1.5692
6922,-1.0411,-0.9485
6923,-1.1023,-1.4008
6924,-1.4196,-1.5053
6925,-1.2214,-1.1318
6926,-2.1831,-2.5173
6927,-1.9959,-1.5115
6928,-2.1319,-2.8065
6929,-1.5218,-1.379
6930,-1.7815,-1.605
6931,-2.4681,-2.7284
6932,-1.6702,-1.4336
6933,-1.6545,-1.431
6934,-1.0548,-1.1224
6935,-2.5138,-2.6626
6936,-2.4374,-2.1021
6937,-0.8896,-1.1595
6938,-1.4173,-1.4266
6939,-1.8689,-1.899
6940,-2.2899,-2.2892
6941,-1.286,-1.7882
6942,-1.622,-1.4409
6943,-1.4651,-1.3696
6944,-0.7868,-0.817
6945,-1.1941,-1.3902
6946,-2.0192,-2.1236
6947,-1.0469,-1.0313
6948,-1.7463,-1.7118
6949,-1.9092,-2.1565
6950,-2.6486,-2.9246
6951,-1.5803,-1.5204
6952,-2.1321,-2.173
6953,-1.9347,-1.9497
6954,-1.1852,-1.165
6955,-1.8864,-1.5584
6956,-1.8149,-1.9266
6957,-1.1174,-1.3012
6958,-2.244,-1.9685
6959,0.0604,0.0045
6960,-1.4633,-1.7715
6961,-2.2304,-2.1297
6962,-0.693,-0.7383
6963,-1.682,-1.2958
6964,-2.1055,-1.9221
6965,-1.3104,-1.2576
6966,-1.4628,-1.5656
6967,-0.828,-1.1114
6968,-1.5223,-1.7896
6969,-2.0374,-2.0088
6970,-1.3476,-1.0496
6971,-1.3211,-1.1575
6972,-1.5458,-1.0911
6973,-1.5939,-1.4588
6974,-1.7094,-1.4409
6975,-1.5425,-1.0005
6976,-1.0025,-0.7196
6977,-2.2782,-1.971
6978,-2.0701,-1.7928
6979,-2.0179,-2.1209
6980,-1.7177,-1.6877
6981,-2.3003,-2.3684
6982,-1.3612,-1.1309
6983,-2.1427,-1.9253
6984,-1.5401,-1.1318
6985,-1.0616,-0.7554
6986,-1.1482,-0.7337
6987,-0.6638,-0.6544
6988,-0.9731,-1.1739
6989,-1.7357,-1.7385
6990,-1.152,-0.8948
6991,-1.5437,-1.4019
6992,-1.2238,-1.1216
6993,-2.0608,-1.8726
6994,-1.353,-1.6936
6995,-1.0897,-0.8907
6996,-1.8319,-1.8714
6997,-1.7414,-1.8051
6998,-1.5216,-1.2754
6999,-3.2151,-2.8674
7000,-1.7156,-1.8685
7001,-1.5267,-1.0166
7002,-1.8616,-1.8812
7003,-1.0214,-1.0207
7004,-2.2621,-1.9698
7005,-1.8537,-1.8256
7006,-1.6354,-1.6923
7007,-0.9626,-0.7426
7008,-2.3877,-2.4109
7009,-1.812,-1.2418
7010,-2.2934,-2.035
7011,-1.1733,-0.949
7012,-2.1514,-1.8807
7013,-2.2246,-2.2934
7014,-1.7843,-1.9831
7015,-0.9938,-0.7994
7016,-1.3836,-1.3815
7017,-2.037,-1.6028
7018,-2.0305,-2.0374
7019,-1.2976,-0.819
7020,-0.9412,-0.828
7021,-1.5373,-1.181
7022,-2.2146,-2.5046
7023,-2.3474,-2.771
7024,-1.163,-0.9988
7025,-1.6158,-1.6667
7026,-1.1083,-0.7007
7027,-1.1634,-1.2206
7028,-1.2544,-1.3134
7029,-1.2724,-1.6027
7030,-1.1646,-0.9613
7031,-2.3306,-1.9488
7032,-1.3912,-1.4205
7033,-1.9669,-1.5908
7034,-0.8882,-1.1516
7035,-1.639,-1.4697
7036,-2.1191,-2.2332
7037,-1.5307,-1.3889
7038,-1.1016,-0.8019
7039,-2.1165,-1.9667
7040,-1.4623,-1.8798
7041,-1.1927,-0.8882
7042,-1.8821,-2.1623
7043,-1.129,-1.3278
7044,-0.9976,-0.9871
7045,-1.9999,-1.7296
7046,-0.9024,-1.1707
7047,-1.0818,-1.3058
7048,-0.7534,-0.9791
7049,-1.7891,-1.6868
7050,-1.3462,-1.3375
7051,-1.443,-1.2179
7052,-2.1605,-2.081
7053,-1.6299,-1.879
7054,-1.7232,-1.3875
7055,-1.3379,-1.0497
7056,-2.4147,-2.0118
7057,-1.5027,-1.2504
7058,-0.9933,-1.1543
7059,-0.8948,-0.7389
7060,-1.8913,-1.8405
7061,-1.9304,-1.6785
7062,-1.5506,-1.3665
7063,-1.2309,-1.2173
7064,-0.9524,-0.8501
7065,-1.0386,-0.9566
7066,-0.8342,-1.0364
7067,-2.076,-2.0552
7068,-1.6542,-1.545
7069,-1.7351,-1.7853
7070,-1.4635,-1.6112
7071,-2.1021,-1.7846
7072,-1.115,-0.9272
7073,-2.2452,-2.2201
7074,-0.7161,-0.7891
7075,-0.8304,-0.8193
7076,-0.9286,-0.6871
7077,-0.8141,-0.7305
7078,-1.114,-1.0779
7079,-2.321,-2.3218
7080,-2.1921,-2.2041
7081,-1.444,-1.3537
7082,-1.0426,-1.3112
7083,-0.349,-0.7091
7084,-0.9696,-0.865
7085,-1.5671,-1.5326
7086,-2.6646,-2.2991
7087,-1.4823,-1.3428
7088,-1.6186,-1.526
7089,-1.6065,-1.6695
7090,-1.468,-1.225
7091,-1.0421,-1.0707
7092,-0.9738,-0.4842
7093,-1.7688,-2.0005
7094,-1.3947,-1.1259
7095,-1.4818,-1.3678
7096,-2.0869,-1.9964
7097,-2.4695,-2.5982
7098,-0.9948,-0.9022
7099,-2.017,-1.7198
7100,-1.7513,-1.8578
7101,-0.8558,-0.9833
7102,-1.0743,-1.0962
7103,-1.1751,-0.9399
7104,-1.7407,-1.8144
7105,-1.6623,-1.5853
7106,-1.0228,-1.1293
7107,-2.2826,-2.1992
7108,-2.0868,-2.0317
7109,-0.7488,-0.7173
7110,-1.6531,-1.7205
7111,-1.8743,-2.0662
7112,-1.6902,-1.8008
7113,-1.5768,-1.3416
7114,-1.6683,-1.6307
7115,-2.282,-1.9342
7116,-1.8695,-2.4736
7117,-2.1803,-2.295
7118,-0.963,-0.4489
7119,-1.0982,-1.1559
7120,-2.0075,-2.4278
7121,-1.0831,-1.1601
7122,-1.5136,-1.6087
7123,-0.9651,-0.9318
7124,-1.8083,-1.6893
7125,-1.5683,-1.4291
7126,-1.8587,-1.6981
7127,-2.2394,-1.832
7128,-2.1853,-1.8175
7129,-1.175,-1.5725
7130,-1.5846,-1.5491
7131,-1.1027,-1.0085
7132,-2.2622,-2.0346
7133,-2.4804,-2.8789
7134,-1.0702,-1.4344
7135,-0.4303,-0.3917
7136,-2.3915,-2.0995
7137,-1.0963,-1.3575
7138,-2.3788,-2.4703
7139,-0.3776,-0.5797
7140,-1.3831,-1.4155
7141,-1.7631,-1.6878
7142,-1.8241,-2.0126
7143,-1.7482,-1.4433
7144,-2.0537,-1.8271
7145,-1.0347,-1.2579
7146,-1.6737,-1.1866
7147,-2.1772,-1.6715
7148,-1.0221,-0.4518
7149,-1.5692,-1.5919
7150,-1.2154,-1.4093
7151,-1.8482,-1.6974
7152,-1.8513,-1.9491
7153,-0.9004,-0.7304
7154,-0.3418,-0.1798
7155,-2.3869,-2.1496
7156,-2.1216,-1.5201
7157,-0.8027,-0.7433
7158,-2.0517,-2.1657
7159,-1.3662,-1.5578
7160,-1.3709,-1.4617
7161,-1.8731,-1.9402
7162,-1.7111,-1.5416
7163,-2.5675,-2.375
7164,-1.6982,-1.9976
7165,-1.556,-1.6292
7166,-2.3793,-2.159
7167,-1.7693,-1.8199
7168,-1.7031,-1.8143
7169,-2.0941,-2.2597
7170,-2.1808,-1.9244
7171,-2.1741,-1.8698
7172,-2.051,-2.1123
7173,-1.0942,-1.1866
7174,-1.0501,-1.0499
7175,-1.8349,-1.5195
7176,-1.4136,-1.3462
7177,-1.134,-1.0365
7178,-1.7384,-1.8756
7179,-2.0442,-2.2054
7180,-1.9313,-1.6966
7181,-3.2777,-3.3163
7182,-2.2893,-2.031
7183,-1.3522,-1.3552
7184,-1.6287,-1.8668
7185,-0.8152,-1.049
7186,-1.5576,-1.4764
7187,-1.4755,-1.4918
7188,-0.545,-0.4478
7189,-1.6894,-1.6651
7190,-1.7491,-2.048
7191,-3.4711,-3.1175
7192,-2.6454,-2.5373
7193,-1.794,-1.5921
7194,-1.2812,-1.5485
7195,-1.3636,-1.7706
7196,-1.6822,-1.8345
7197,-1.4707,-1.4454
7198,-2.0708,-1.7104
7199,-1.7665,-1.597
7200,-1.8023,-1.7292
7201,-1.5415,-1.0471
7202,-1.4839,-1.4556
7203,-1.8505,-1.8158
7204,-1.1827,-0.7674
7205,-1.6409,-1.467
7206,-2.2523,-2.2559
7207,-1.7389,-1.9807
7208,-1.6863,-1.9077
7209,-0.9672,-0.9315
7210,-1.3249,-1.1731
7211,-1.3917,-1.6145
7212,-1.4877,-1.5982
7213,-1.7554,-1.7715
7214,-1.8048,-1.6453
7215,-1.3911,-1.7285
7216,-1.8452,-2.1494
7217,-1.1075,-1.0053
7218,-1.5035,-1.5313
7219,-2.4553,-2.3343
7220,-1.0381,-0.9564
7221,-2.7713,-2.1605
7222,-2.4638,-2.569
7223,-1.5468,-1.2389
7224,-1.1291,-0.7914
7225,-1.6656,-1.933
7226,-1.733,-1.4465
7227,-1.0496,-1.3102
7228,-1.4581,-1.4138
7229,-1.843,-1.4889
7230,-2.2579,-2.3845
7231,-0.5527,-0.5832
7232,-1.5934,-1.1591
7233,-1.1867,-1.5056
7234,-1.8404,-1.5465
7235,-2.0632,-1.6805
7236,-1.4456,-1.5066
7237,-1.4237,-1.3462
7238,-1.1631,-1.3089
7239,-1.377,-1.0805
7240,-1.6915,-1.8038
7241,-2.3704,-2.0398
7242,-2.2366,-2.0702
7243,-2.2222,-2.6254
7244,-1.8459,-2.1445
7245,-2.7431,-2.6147
7246,-2.2894,-1.7406
7247,-2.278,-2.2841
7248,-1.7086,-2.222
7249,-0.8411,-1.2211
7250,-1.537,-1.5667
7251,-1.3623,-1.333
7252,-1.4406,-1.5219
7253,-1.0951,-1.0723
7254,-0.7963,-1.262
7255,-1.9838,-1.8707
7256,-1.9327,-1.6875
7257,-1.6381,-1.7515
7258,-1.4376,-0.9089
7259,-1.8617,-2.1883
7260,-1.9007,-1.7113
7261,-2.1659,-2.0664
7262,-0.9574,-1.188
7263,-1.4069,-1.3131
7264,-1.784,-1.4421
7265,-1.4574,-1.6595
7266,-1.7013,-1.3309
7267,-1.6122,-1.6474
7268,-1.9055,-1.7561
7269,-2.1477,-2.2509
7270,-1.8004,-1.5526
7271,-1.563,-1.015
7272,-1.6997,-1.5885
7273,-2.0438,-2.2244
7274,-0.7098,-0.9508
7275,-0.7925,-0.5661
7276,-2.373,-2.1752
7277,-1.3827,-1.6021
7278,-1.6237,-1.4925
7279,-1.9866,-1.6945
7280,-2.1537,-2.0499
7281,-2.5068,-2.7386
7282,-1.6691,-1.4872
7283,-0.9941,-0.9653
7284,-2.0559,-2.2919
7285,-2.8816,-3.0173
7286,-1.1498,-1.0817
7287,-0.3701,-0.8404
7288,-1.8407,-2.2304
7289,-1.1506,-1.5908
7290,-1.0795,-0.9575
7291,-1.2787,-1.4819
7292,-2.1296,-2.1838
7293,-0.7984,-0.6419
7294,-0.8843,-1.1103
7295,-1.2725,-1.2464
7296,-1.1568,-1.3417
7297,-1.2593,-1.0382
7298,-1.4744,-1.7477
7299,-2.1467,-2.4536
7300,-1.0704,-0.929
7301,-1.7281,-2.0719
7302,-1.7976,-1.9301
7303,-2.0363,-2.3379
7304,-1.6437,-1.6376
7305,-1.5775,-1.0642
7306,-1.6514,-1.2318
7307,-2.2288,-2.2749
7308,-1.8845,-1.4316
7309,-2.456,-2.0917
7310,-2.1361,-1.6744
7311,-0.9701,-0.6789
7312,-1.5357,-1.2709
7313,-1.5988,-1.6349
7314,-1.3505,-0.904
7315,-1.4528,-1.5952
7316,-2.0975,-1.9387
7317,-1.3778,-1.5866
7318,-1.2963,-1.1891
7319,-1.0272,-0.6317
7320,-2.0707,-2.2148
7321,-1.8395,-1.64
7322,-1.5711,-1.2002
7323,-0.6124,-0.4814
7324,-1.8849,-1.6257
7325,-1.2535,-1.3771
7326,-1.828,-1.6568
7327,-2.3013,-2.2838
7328,-1.4935,-1.5238
7329,-1.4899,-1.6056
7330,-1.1915,-1.0792
7331,-1.9937,-2.3189
7332,-2.3676,-2.1605
7333,-2.6264,-2.2792
7334,-2.1724,-2.0907
7335,-2.1987,-2.2419
7336,-2.1003,-2.3485
7337,-2.4561,-2.5752
7338,-1.3894,-1.8269
7339,-2.2308,-1.879
7340,-1.1985,-1.343
7341,-1.8371,-1.7499
7342,-1.6458,-1.4234
7343,-1.9061,-1.88
7344,-1.4906,-1.4356
7345,-1.9867,-1.9693
7346,-1.1623,-0.6132
7347,-0.8981,-1.1791
7348,-1.4282,-1.311
7349,-1.7796,-1.9894
7350,-1.7916,-1.409
7351,-1.6326,-1.3283
7352,-2.556,-2.1182
7353,-1.819,-1.7932
7354,-0.6649,-1.0379
7355,-2.3074,-2.2232
7356,-1.7909,-2.1251
7357,-1.64,-1.5207
7358,-0.752,-0.636
7359,-0.8139,-0.6598
7360,-1.2413,-1.3985
7361,-0.4954,-0.5113
7362,-0.7331,-0.807
7363,-1.9165,-1.5682
7364,-1.4803,-1.8227
7365,-1.9965,-1.7072
7366,-1.8004,-1.39
7367,-1.3597,-1.2137
7368,-1.1799,-0.9013
7369,-1.7797,-1.9573
7370,-1.1486,-0.9266
7371,-0.9767,-1.3092
7372,-2.1426,-2.7076
7373,-1.1877,-1.167
7374,-2.2882,-2.2365
7375,-1.5529,-1.3917
7376,-1.0841,-1.1762
7377,-1.6547,-1.5228
7378,-2.0171,-1.8634
7379,-1.4593,-0.949
7380,-2.2856,-2.2371
7381,-1.6912,-1.5521
7382,-1.5656,-1.1576
7383,-2.3569,-2.6911
7384,-1.0218,-0.8396
7385,-1.9748,-2.0499
7386,-1.0972,-1.2501
7387,-1.3997,-1.6191
7388,-1.9967,-1.8673
7389,-1.6569,-1.1053
7390,-1.1847,-1.1356
7391,-0.5449,-0.7439
7392,-1.8684,-1.6649
7393,-1.8985,-1.8482
7394,-0.7294,-0.7852
7395,-1.1041,-1.4508
7396,-2.2402,-2.215
7397,-1.1323,-1.1044
7398,-1.705,-1.8393
7399,-1.6395,-1.7236
7400,-1.553,-1.7359
7401,-1.1039,-1.3398
7402,-1.7194,-1.1726
7403,-1.3529,-0.7159
7404,-1.4905,-1.9437
7405,-2.1926,-2.38
7406,-0.7003,-0.368
7407,-2.2896,-2.2906
7408,-1.733,-1.623
7409,-1.0169,-0.9134
7410,-2.0673,-2.3746
7411,-1.2819,-1.3122
7412,-1.748,-1.9351
7413,-1.1281,-0.8382
7414,-1.2891,-1.7399
7415,-1.8792,-2.0873
7416,-1.1576,-1.2168
7417,-1.9198,-1.689
7418,-1.2527,-1.3431
7419,-0.6865,-1.1583
7420,-1.9399,-1.7752
7421,-1.9128,-1.8603
7422,-2.3876,-2.6761
7423,-1.1344,-0.8465
7424,-1.6906,-1.9291
7425,-1.4533,-1.6517
7426,-2.1472,-2.1702
7427,-1.4398,-1.4649
7428,-1.5338,-1.9377
7429,-1.5327,-1.8332
7430,-1.7895,-2.0292
7431,-1.6468,-1.3115
7432,-1.4469,-1.2191
7433,-2.6626,-2.5349
7434,-1.5416,-1.7458
7435,-1.8954,-1.9134
7436,-1.0406,-1.2535
7437,-3.0899,-3.09
7438,-1.6653,-1.7171
7439,-2.376,-2.8273
7440,-1.1702,-1.5208
7441,-1.3829,-2.0596
7442,-1.6753,-1.8451
7443,-1.3599,-0.6281
7444,-1.4736,-1.0498
7445,-2.054,-2.3015
7446,-1.3011,-1.3202
7447,-1.0077,-1.1219
7448,-1.4353,-2.094
7449,-1.4769,-1.4192
7450,-1.7535,-1.5519
7451,-1.4751,-1.4765
7452,-1.504,-1.3063
7453,-1.9124,-2.2928
7454,-1.5463,-1.7945
7455,-2.3078,-1.8334
7456,-2.2506,-2.4247
7457,-0.9896,-1.0238
7458,-2.2629,-2.5652
7459,-1.5896,-1.6822
7460,-1.4213,-1.1585
7461,-2.1632,-2.1272
7462,-0.8132,-0.9166
7463,-0.7172,-0.3688
7464,-2.6491,-2.0326
7465,-1.9046,-1.9127
7466,-1.5569,-1.3894
7467,-2.2252,-2.1499
7468,-1.2736,-1.6006
7469,-2.0199,-1.6072
7470,-2.3503,-2.3094
7471,-1.875,-1.9897
7472,-1.1088,-1.0972
7473,-1.7819,-1.5498
7474,-1.0613,-0.9995
7475,-1.7515,-1.6008
7476,-2.4157,-2.5654
7477,-1.2175,-1.4771
7478,-0.6437,-0.3427
7479,-1.4042,-1.522
7480,-1.7369,-1.6975
7481,-1.0506,-1.4003
7482,-2.4899,-2.7138
7483,-1.4591,-1.7644
7484,-1.643,-1.0828
7485,-1.6835,-1.9438
7486,-1.8397,-2.3254
7487,-1.7719,-1.9442
7488,-1.8595,-1.5863
7489,-1.8793,-1.5962
7490,-1.1889,-1.4797
7491,-1.8652,-1.8004
7492,-2.167,-2.0442
7493,-1.4443,-1.5207
7494,-1.1933,-0.7575
7495,-0.5067,-0.5481
7496,-1.4617,-1.5839
7497,-0.9492,-1.0817
7498,-1.6572,-1.8725
7499,-0.8011,-0.9654
7500,-1.4745,-1.166
7501,-3.0853,-2.7919
7502,-0.6368,-0.5748
7503,-1.253,-1.4059
7504,-0.7889,-1.0854
7505,-1.7865,-2.1506
7506,-1.5747,-1.8483
7507,-1.0503,-1.2947
7508,-1.0019,-1.1596
7509,-0.3644,-0.401
7510,-1.092,-0.9997
7511,-1.9192,-1.995
7512,-0.7214,-0.3534
7513,-0.5943,-0.5456
7514,-2.048,-2.0506
7515,-1.8844,-1.4927
7516,-1.0177,-1.4537
7517,-2.5366,-2.3483
7518,-1.996,-2.1983
7519,-1.2533,-1.5123
7520,-1.8504,-2.1058
7521,-0.9589,-0.9614
7522,-2.2865,-1.6903
7523,-1.0153,-1.2256
7524,-1.1093,-1.3838
7525,-0.8537,-1.163
7526,-1.1014,-1.2611
7527,-1.4599,-1.6011
7528,-1.2868,-1.5578
7529,-1.6306,-1.8198
7530,-1.8394,-1.6775
7531,-0.5274,-0.2571
7532,-1.8019,-2.1694
7533,-1.2669,-1.2505
7534,-2.2499,-2.7252
7535,-1.3192,-1.694
7536,-2.199,-1.6174
7537,-1.6973,-1.9337
7538,-1.5072,-1.257
7539,-2.416,-1.8108
7540,-1.0702,-0.6435
7541,-1.7219,-1.9686
7542,-2.2984,-2.3892
7543,-1.2755,-1.1402
7544,-1.4701,-1.464
7545,-1.6881,-1.9769
7546,-2.2107,-2.0486
7547,-2.2009,-2.2263
7548,-1.9189,-1.9644
7549,-3.0638,-2.8304
7550,-1.3163,-1.5117
7551,-1.66,-2.0246
7552,-1.4136,-1.4213
7553,-1.291,-1.0059
7554,-1.2169,-1.3139
7555,-1.4341,-1.9079
7556,-1.8747,-1.6102
7557,-1.8397,-2.1912
7558,-2.1663,-2.2595
7559,-1.9628,-2.2141
7560,-1.5602,-1.4708
7561,-2.2762,-2.1066
7562,-1.445,-2.0128
7563,-2.2692,-2.2117
7564,-1.4876,-1.7827
7565,-1.2252,-1.2918
7566,-1.9863,-1.9628
7567,-0.9326,-0.4017
7568,-1.5796,-1.3279
7569,-1.1564,-1.2494
7570,-1.9932,-2.2598
7571,-2.0115,-1.8837
7572,-0.8773,-0.3683
7573,-2.206,-1.7771
7574,-1.4147,-1.1552
7575,-2.236,-2.3493
7576,-1.1158,-1.1116
7577,-0.7165,-0.751
7578,-1.5252,-1.7087
7579,-0.9728,-0.8366
7580,-1.9999,-1.7449
7581,-1.7176,-1.7593
7582,-1.2527,-1.058
7583,-0.9185,-1.3698
7584,-1.9413,-2.0097
7585,-1.625,-1.2727
7586,-0.8926,-0.9275
7587,-1.6683,-1.4123
7588,-1.5316,-1.5999
7589,-1.4756,-0.9788
7590,-2.1936,-1.5336
7591,-1.7249,-1.545
7592,-0.6822,-1.2821
7593,-1.9983,-2.0672
7594,-1.3274,-1.0952
7595,-1.2762,-1.0226
7596,-1.8129,-1.5178
7597,-2.2212,-2.3496
7598,-1.3011,-1.5838
7599,-2.7925,-2.3586
7600,-1.8673,-2.2073
7601,-1.0954,-1.2478
7602,-1.9448,-2.134
7603,-1.3185,-1.0768
7604,-2.5378,-2.3262
7605,-1.9305,-1.8954
7606,-2.256,-2.0835
7607,-2.7101,-2.9166
7608,-1.4472,-2.0444
7609,-2.1744,-2.1719
7610,-0.9661,-0.7364
7611,-1.4787,-1.423
7612,-1.8516,-1.4782
7613,-2.334,-2.6141
7614,-1.0997,-0.9371
7615,-0.6528,-0.8021
7616,-1.9477,-1.8155
7617,-2.1734,-2.5054
7618,-1.9741,-2.1947
7619,-0.9813,-0.7358
7620,-1.1016,-1.396
7621,-1.3633,-1.9163
7622,-1.1734,-1.3141
7623,-1.3418,-1.3472
7624,-1.3735,-0.927
7625,-0.1254,0.152
7626,-1.0329,-0.6241
7627,-1.8614,-1.6935
7628,-1.2451,-1.0912
7629,-1.7233,-1.7537
7630,-0.9185,-0.9952
7631,-2.0892,-2.3852
7632,-1.4523,-1.3779
7633,-1.3563,-1.2288
7634,-1.8437,-1.8091
7635,-1.4848,-1.5264
7636,-0.9267,-0.7068
7637,-1.9677,-1.7242
7638,-1.8011,-2.0081
7639,-1.5807,-1.9502
7640,-1.869,-2.0056
7641,-2.3184,-1.9774
7642,-0.994,-0.8147
7643,-1.8828,-1.816
7644,-2.878,-3.1229
7645,-1.2098,-1.1157
7646,-1.8456,-1.7836
7647,-2.5461,-2.7108
7648,-1.2562,-1.2139
7649,-1.0059,-0.9392
7650,-1.3664,-1.6354
7651,-2.4845,-2.7462
7652,-0.7966,-0.9092
7653,-1.9922,-1.9776
7654,-2.5335,-2.1462
7655,-1.6246,-1.3946
7656,-2.3302,-2.193
7657,-1.6175,-2.0224
7658,-1.0851,-0.9169
7659,-1.5609,-1.4507
7660,-2.0563,-1.5365
7661,-1.0736,-1.2157
7662,-1.6301,-1.6581
7663,-1.2897,-1.4376
7664,-1.2102,-1.1202
7665,-1.2949,-1.1513
7666,-1.9328,-1.3617
7667,-1.3127,-1.3397
7668,-1.4554,-1.4862
7669,-1.4585,-1.5509
7670,-1.8405,-1.7188
7671,-1.969,-1.6725
7672,-1.1123,-1.1001
7673,-0.7027,-0.7217
7674,-2.0186,-2.1738
7675,-1.2289,-1.1513
7676,-1.7061,-1.5559
7677,-1.4483,-1.1614
7678,-1.0829,-1.42
7679,-1.3728,-1.3828
7680,-0.8341,-0.8163
7681,-3.1659,-3.1834
7682,-2.0553,-2.314
7683,-1.6248,-1.396
7684,-2.2767,-2.6626
7685,-1.9864,-2.5784
7686,-3.0146,-2.9662
7687,-2.5209,-2.1574
7688,-1.2398,-1.3234
7689,-1.4321,-1.0161
7690,-0.4965,-0.6163
7691,-1.8819,-1.8419
7692,-1.931,-2.246
7693,-1.9742,-1.9903
7694,-1.4134,-1.6939
7695,-1.8138,-1.9083
7696,-1.9204,-2.0463
7697,-1.9367,-1.7286
7698,-0.4779,-0.7312
7699,-2.2029,-2.2385
7700,-2.2513,-2.1403
7701,-1.7861,-2.1603
7702,-1.5624,-1.6755
7703,-1.8998,-1.7636
7704,-2.3246,-2.2312
7705,-1.1629,-0.7591
7706,-1.6832,-1.6622
7707,-1.9634,-2.3173
7708,-1.4508,-0.8876
7709,-1.8363,-1.6522
7710,-1.2998,-1.4293
7711,-1.6152,-1.8788
7712,-1.1475,-0.9305
7713,-1.3751,-1.4392
7714,-1.4956,-1.3816
7715,-1.5242,-1.3878
7716,-1.164,-1.0901
7717,-1.6532,-1.8003
7718,-1.3541,-1.4774
7719,-2.4708,-2.5344
7720,-2.4638,-2.4189
7721,-1.2214,-1.3352
7722,-0.4778,-0.613
7723,-1.3277,-1.5163
7724,-1.7531,-1.9191
7725,-1.2981,-1.4197
7726,-1.9433,-1.9116
7727,-1.896,-1.8941
7728,-1.6714,-1.8078
7729,-1.8479,-2.1017
7730,-1.6598,-1.6873
7731,-1.3996,-1.3934
7732,-2.0118,-2.3039
7733,-1.7916,-2.4442
7734,-1.2913,-1.5932
7735,-1.8646,-1.6812
7736,-2.3187,-2.6078
7737,-1.4003,-1.288
7738,-0.6855,-0.6895
7739,-1.4546,-1.3932
7740,-1.0931,-1.0087
7741,-1.8493,-1.9379
7742,-2.0089,-1.8
7743,-1.1778,-1.1574
7744,-2.3615,-2.438
7745,-2.099,-2.4272
7746,-2.4543,-2.5168
7747,-1.5884,-1.7025
7748,-1.892,-2.2447
7749,-1.2728,-1.2281
7750,-1.8023,-1.9308
7751,-2.002,-1.8733
7752,-1.6893,-1.4686
7753,-1.0995,-1.2942
7754,-1.7448,-1.7299
7755,-0.8364,-0.5281
7756,-1.7297,-1.3098
7757,-1.3332,-1.6206
7758,-1.5243,-0.9551
7759,-1.7552,-1.6524
7760,-1.0748,-1.5627
7761,-2.3869,-2.4326
7762,-1.7762,-1.9022
7763,-2.0787,-2.3355
7764,-0.7698,-0.9868
7765,-0.9316,-0.7658
7766,-1.448,-1.4928
7767,-1.7977,-1.6923
7768,-1.6993,-1.6883
7769,-0.9452,-1.1619
7770,-1.6707,-1.2049
7771,-1.9012,-2.0293
7772,-1.7479,-2.0133
7773,-1.5037,-1.4774
7774,-1.4155,-1.6527
7775,-1.8283,-1.8342
7776,-1.6547,-1.524
7777,-1.358,-1.295
7778,-1.3762,-1.4272
7779,-1.6707,-1.7668
7780,-2.1902,-2.2372
7781,-1.1869,-1.2565
7782,-1.851,-2.0024
7783,-1.5008,-1.8225
7784,-1.5345,-1.1883
7785,-2.0476,-1.7594
7786,-2.4562,-2.4289
7787,-0.8433,-1.0834
7788,-1.9182,-1.6921
7789,-1.1612,-1.1083
7790,-1.3293,-1.1251
7791,-1.6357,-1.7187
7792,-1.1691,-0.9919
7793,-1.2403,-0.9272
7794,-2.2047,-2.2321
7795,-1.0791,-0.7964
7796,-1.0762,-1.0026
7797,-1.9393,-1.6716
7798,-1.291,-0.8403
7799,-1.0663,-1.1866
7800,-1.1248,-0.5999
7801,-1.3491,-1.6336
7802,-1.3356,-0.9638
7803,-2.285,-1.9917
7804,-0.8416,-1.0745
7805,-2.3877,-1.6794
7806,-1.6503,-1.2557
7807,-0.7178,-0.6286
7808,-2.0014,-2.0129
7809,-2.0983,-2.0977
7810,-1.1984,-1.3155
7811,-0.9504,-0.9504
7812,-1.4324,-1.7286
7813,-2.1092,-2.0899
7814,-0.8721,-0.8823
7815,-1.2198,-1.4048
7816,-1.2542,-1.2797
7817,-1.7381,-1.852
7818,-1.3384,-1.1213
7819,-1.2765,-1.2528
7820,-1.9026,-1.8188
7821,-0.7202,-0.7623
7822,-1.5794,-1.7306
7823,-1.1777,-0.8677
7824,-1.8659,-1.6448
7825,-1.1451,-1.1018
7826,-1.319,-1.125
7827,-1.5121,-1.8513
7828,-1.7492,-2.0837
7829,-1.029,-1.0921
7830,-1.6021,-1.5606
7831,-1.8007,-1.9556
7832,-2.4099,-2.2821
7833,-2.1793,-2.2337
7834,-1.3453,-1.3754
7835,-2.4697,-2.152
7836,-1.3719,-1.3821
7837,-1.7242,-1.3422
7838,-1.4211,-0.6796
7839,-1.5929,-1.3576
7840,-2.7304,-2.4484
7841,-1.203,-1.3642
7842,-1.6925,-1.633
7843,-1.5522,-1.5953
7844,-0.9812,-0.8623
7845,-2.6928,-2.5599
7846,-1.9034,-1.7257
7847,-1.5639,-1.8512
7848,-1.8732,-1.9982
7849,-1.3101,-1.0544
7850,-0.5503,-0.6085
7851,-1.2735,-1.3196
7852,-1.6562,-2.012
7853,-2.4631,-2.7365
7854,-1.7798,-1.5151
7855,-1.4304,-1.5376
7856,-1.9423,-1.9382
7857,-1.0585,-0.9466
7858,-1.9206,-1.4712
7859,-1.7417,-1.9265
7860,-1.5244,-1.4815
7861,-1.551,-1.1179
7862,-1.3706,-0.809
7863,-1.5049,-1.3885
7864,-1.0816,-1.0917
7865,-1.1073,-1.1379
7866,-1.3545,-1.2688
7867,-2.2871,-2.1129
7868,-1.5989,-1.1269
7869,-1.2664,-1.134
7870,-1.9367,-2.0335
7871,-1.6467,-1.88
7872,-0.7364,-0.7808
7873,-2.5677,-2.6453
7874,-1.5691,-1.7878
7875,-1.7809,-1.6664
7876,-1.817,-1.7737
7877,-1.7123,-1.4918
7878,-1.7874,-1.6938
7879,-1.1286,-1.139
7880,-2.2113,-2.096
7881,-1.9957,-2.2329
7882,-1.5364,-1.3615
7883,-0.6057,-0.5992
7884,-0.9274,-1.1502
7885,-1.9677,-2.1744
7886,-1.4389,-1.6976
7887,-2.147,-2.1245
7888,-1.4868,-1.018
7889,-2.3178,-2.0574
7890,-2.0234,-2.0063
7891,-2.0901,-2.1557
7892,-1.6603,-1.5609
7893,-1.083,-1.1279
7894,-1.7207,-1.5956
7895,-1.2509,-1.1623
7896,-1.9005,-1.9581
7897,-0.902,-0.7971
7898,0.081,0.0587
7899,-2.0411,-2.0947
7900,-1.0414,-1.2067
7901,-1.5206,-1.3498
7902,-1.2321,-1.7587
7903,-0.0506,-0.1998
7904,-0.7049,-0.4993
7905,-1.0844,-1.0794
7906,-1.6982,-1.6731
7907,-1.6539,-1.6742
7908,-2.3277,-2.4238
7909,-1.0028,-1.2816
7910,-0.8801,-0.9075
7911,-2.3331,-2.0693
7912,-1.0494,-0.8962
7913,-1.2462,-1.0332
7914,-1.1837,-1.605
7915,-1.2952,-1.0726
7916,-1.5176,-1.1132
7917,-1.0278,-1.3653
7918,-1.9032,-1.997
7919,-1.9449,-1.9069
7920,-0.6275,-0.9822
7921,-0.9724,-1.0422
7922,-1.7071,-1.9446
7923,-1.9906,-1.82
7924,-2.3573,-2.4893
7925,-2.464,-2.4104
7926,-1.7859,-2.2495
7927,-1.2998,-1.2782
7928,-1.2188,-1.0558
7929,-1.0851,-1.2722
7930,-1.4265,-1.4414
7931,-1.6908,-2.0949
7932,-1.8969,-2.1115
7933,-1.5622,-1.7945
7934,-0.9218,-0.8771
7935,-1.7456,-1.7675
7936,-2.1591,-2.0791
7937,-3.0986,-3.2245
7938,-1.4343,-1.6215
7939,-0.8667,-1.0995
7940,-1.4048,-1.0343
7941,-1.5066,-1.3937
7942,-1.8119,-1.4691
7943,-1.7164,-1.9607
7944,-2.2981,-2.2953
7945,-1.8362,-1.7897
7946,-1.2892,-1.1713
7947,-1.5628,-1.9407
7948,-1.3912,-1.3891
7949,-1.0461,-1.1823
7950,-1.2046,-1.3189
7951,-1.4448,-1.1359
7952,-1.7696,-1.3215
7953,-1.334,-1.5672
7954,-1.5465,-1.5033
7955,-1.5965,-1.7442
7956,-2.5349,-2.4824
7957,-1.1585,-1.5438
7958,-1.4657,-1.3715
7959,-1.2169,-0.6279
7960,-2.4664,-2.5505
7961,-1.4942,-1.6969
7962,-1.3706,-1.8292
7963,-1.8923,-1.7383
7964,-2.4112,-2.0455
7965,-1.8303,-1.9925
7966,-0.8755,-1.243
7967,-1.6017,-1.8661
7968,-0.8375,-0.8398
7969,-0.8582,-0.3767
7970,-1.0969,-1.2684
7971,-1.9639,-2.0713
7972,-1.9143,-2.0035
7973,-1.6667,-1.6001
7974,-1.2736,-0.9078
7975,-2.3872,-2.3424
7976,-2.2925,-2.3257
7977,-1.4567,-1.2774
7978,-2.2179,-2.3304
7979,-1.464,-1.491
7980,-1.9014,-1.6884
7981,-2.6009,-2.0129
7982,-2.1441,-1.941
7983,-1.8482,-1.6479
7984,-1.6583,-1.395
7985,-1.6343,-1.7917
7986,-1.2759,-1.3091
7987,-1.3337,-1.3767
7988,-1.4868,-1.8948
7989,-1.4588,-1.5427
7990,-2.3559,-1.9391
7991,-0.7141,-0.9238
7992,-2.2022,-1.9967
7993,-2.0221,-1.901
7994,-1.9904,-1.7185
7995,-1.3852,-1.0155
7996,-2.1502,-1.6889
7997,-0.9876,-1.1322
7998,-1.526,-1.4346
7999,-1.6458,-1.872
8000,-1.3057,-1.8457
8001,-1.4546,-1.723
8002,-1.834,-1.6422
8003,-1.3933,-1.349
8004,-1.1848,-0.9856
8005,-1.0226,-0.3342
8006,-1.528,-1.7667
8007,-1.5192,-1.8954
8008,-1.7198,-1.2927
8009,-1.5661,-1.1567
8010,-1.2454,-1.8616
8011,-1.3172,-1.4834
8012,-2.1789,-2.6397
8013,-1.0767,-1.2289
8014,-2.2612,-2.132
8015,-1.2794,-1.1499
8016,-1.7054,-1.2765
8017,-1.1524,-0.9903
8018,-1.6079,-1.3617
8019,-2.1858,-1.9594
8020,-1.338,-1.3837
8021,-0.8076,-0.6888
8022,-2.4307,-2.1655
8023,-2.3576,-2.4296
8024,-1.1549,-1.2834
8025,-2.6041,-2.8332
8026,-1.9117,-2.1629
8027,-2.687,-2.3698
8028,-1.1974,-1.5649
8029,-1.9701,-2.0025
8030,-1.899,-1.9257
8031,-1.3268,-1.1342
8032,-1.6089,-1.5338
8033,-2.3553,-2.013
8034,-1.5365,-1.4546
8035,-2.1565,-1.8207
8036,-1.9435,-1.5823
8037,-1.6709,-1.8761
8038,-1.0949,-1.1382
8039,-1.5619,-1.1135
8040,-2.1663,-2.5211
8041,-1.4098,-1.1467
8042,-1.4259,-1.7507
8043,-0.8626,-0.8935
8044,-1.5009,-1.6962
8045,-1.7645,-1.8211
8046,-1.3137,-1.4858
8047,-1.4953,-1.3965
8048,-1.8614,-1.7911
8049,-0.5141,-0.999
8050,-2.085,-2.443
8051,-2.0133,-1.8039
8052,-2.654,-2.5127
8053,-1.4915,-1.3427
8054,-2.3125,-2.7
8055,-1.9628,-2.1484
8056,-2.1008,-2.2381
8057,-1.5251,-1.5597
8058,-1.8659,-1.8717
8059,-1.6048,-1.6809
8060,-1.6995,-1.3434
8061,-1.4038,-0.9752
8062,-1.2362,-1.3258
8063,-1.2765,-1.0649
8064,-1.4284,-1.1161
8065,-2.049,-2.2224
8066,-1.2774,-1.1068
8067,-1.0343,-0.9742
8068,-2.8155,-2.5336
8069,-2.0984,-1.9624
8070,-2.0917,-1.9518
8071,-2.3612,-2.1148
8072,-1.1994,-1.1447
8073,-1.4143,-1.4578
8074,-1.8081,-2.0125
8075,-1.18,-1.2347
8076,-2.0671,-2.0
8077,-1.8378,-1.8431
8078,-1.8302,-1.8862
8079,-0.8264,-1.0015
8080,-2.5207,-2.6713
8081,-2.0296,-1.7805
8082,-1.9135,-1.9166
8083,-1.5981,-1.7544
8084,-1.1365,-0.9654
8085,-1.4549,-1.7259
8086,-1.1109,-0.9543
8087,-1.8539,-1.899
8088,-1.4602,-1.4671
8089,-1.7767,-1.6584
8090,-0.5665,-0.8681
8091,-2.3513,-2.3405
8092,-0.9202,-1.1527
8093,-1.6904,-1.7432
8094,-2.5038,-2.6742
8095,-1.7744,-1.6807
8096,-1.5054,-1.5627
8097,-1.8574,-2.0024
8098,-1.1145,-1.3407
8099,-1.6523,-1.6794
8100,-1.0583,-0.7503
8101,-1.3597,-1.5036
8102,-2.1079,-1.9475
8103,-0.7268,-0.6458
8104,-2.8194,-2.6306
8105,-1.7031,-1.5493
8106,-0.9402,-0.7813
8107,-1.1132,-1.1056
8108,-1.6022,-1.5672
8109,-1.1652,-1.253
8110,-1.7284,-1.5074
8111,-2.2821,-2.3755
8112,-1.7912,-1.9784
8113,-2.4854,-2.337
8114,-2.4264,-2.5718
8115,-1.9649,-2.1268
8116,-1.6171,-1.7017
8117,-0.9441,-1.1117
8118,-1.1857,-1.6591
8119,-1.8243,-1.8491
8120,-1.9983,-2.1618
8121,-1.5353,-1.7875
8122,-1.451,-1.3303
8123,-1.3229,-1.3966
8124,-2.2663,-2.1842
8125,-1.2127,-1.5371
8126,-2.6872,-2.6924
8127,-1.7325,-2.116
8128,-1.5217,-1.7714
8129,-1.4967,-1.5626
8130,-0.8946,-1.1527
8131,-1.1884,-1.4692
8132,-2.1705,-2.0878
8133,-1.7225,-2.1634
8134,-1.6125,-1.5904
8135,-1.4011,-1.2923
8136,-1.7827,-2.0832
8137,-0.53,-0.4912
8138,-2.202,-2.2097
8139,-1.4701,-1.1018
8140,-2.004,-2.0093
8141,-2.6442,-2.4908
8142,-2.2746,-2.4509
8143,-1.1085,-1.0946
8144,-1.5097,-1.6798
8145,-2.1155,-2.2526
8146,-0.916,-0.7615
8147,-1.2465,-1.0978
8148,-1.4719,-1.8634
8149,-1.5965,-1.2716
8150,-2.4231,-2.1366
8151,-1.4122,-1.5583
8152,-1.8855,-1.2963
8153,-1.4069,-1.5166
8154,-0.8994,-1.093
8155,-2.538,-1.993
8156,-0.942,-0.9342
8157,-1.4438,-1.5869
8158,-1.112,-1.2022
8159,-1.6145,-1.434
8160,-2.0196,-2.2405
8161,-2.0425,-1.8903
8162,-1.6026,-1.7479
8163,-1.291,-1.3783
8164,-0.9312,-1.2104
8165,-2.2573,-1.9359
8166,-1.7417,-1.5814
8167,-1.479,-1.1227
8168,-0.3595,-0.8203
8169,-1.1142,-0.6997
8170,-0.9507,-0.9254
8171,-1.1359,-0.9849
8172,-1.4321,-1.4113
8173,-1.3795,-1.0744
8174,-1.8088,-1.6893
8175,-1.886,-2.0953
8176,-1.6998,-1.4904
8177,-1.2789,-1.329
8178,-1.0483,-1.3963
8179,-2.2494,-2.956
8180,-2.1766,-1.8523
8181,-1.5158,-1.8419
8182,-1.4581,-1.4086
8183,-1.3338,-1.6463
8184,-1.4402,-1.1702
8185,-2.5451,-2.2889
8186,-1.227,-1.5132
8187,-0.971,-1.1319
8188,-1.0955,-1.2013
8189,-1.3034,-1.0547
8190,-1.692,-1.3817
8191,-1.4515,-1.2852
8192,-2.024,-1.9661
8193,-1.8965,-1.8549
8194,-0.8097,-0.8114
8195,-2.1287,-1.5533
8196,-1.9007,-1.8536
8197,-2.4466,-2.4211
8198,-1.4274,-1.3671
8199,-0.8825,-0.9969
8200,-1.9865,-2.1419
8201,-2.1833,-2.3375
8202,-1.7598,-1.6166
8203,-1.2127,-1.2857
8204,-1.0617,-1.0355
8205,-1.2505,-1.2285
8206,-1.7566,-1.7302
8207,-1.4094,-1.389
8208,-1.8755,-2.2657
8209,-1.1072,-0.7813
8210,-2.0235,-2.4606
8211,-2.1395,-2.1778
8212,-1.4964,-1.4095
8213,-1.9572,-1.6101
8214,-1.1264,-1.2987
8215,-1.7174,-1.9835
8216,-1.6414,-2.2351
8217,-2.3063,-2.4838
8218,-2.2144,-2.36
8219,-1.5776,-1.6693
8220,-0.831,-1.4496
8221,-1.9282,-1.6458
8222,-2.0069,-2.4056
8223,-1.5179,-1.2338
8224,-2.3691,-2.4656
8225,-0.9801,-0.7878
8226,-0.9701,-0.8618
8227,-1.6289,-1.5895
8228,-2.6743,-2.7992
8229,-1.4343,-1.417
8230,-1.8394,-1.8853
8231,-1.9797,-1.8481
8232,-1.7126,-1.9775
8233,-1.5397,-1.4174
8234,-1.2655,-1.1073
8235,-1.863,-1.8931
8236,-1.4307,-2.0088
8237,-1.9287,-1.8475
8238,-1.3019,-1.196
8239,-1.8238,-1.9251
8240,-0.9807,-1.0927
8241,-1.4673,-1.1339
8242,-0.7864,-0.9268
8243,-1.8816,-2.0501
8244,-0.8959,-0.8246
8245,-1.6406,-1.6248
8246,-1.5897,-1.6316
8247,-1.6466,-1.903
8248,-1.706,-1.7315
8249,-1.0614,-1.1397
8250,-1.32,-1.3224
8251,-0.993,-1.0289
8252,-1.0029,-0.9008
8253,-1.1273,-1.1704
8254,-1.8447,-2.1483
8255,-1.4328,-1.3494
8256,-1.9428,-2.0124
8257,-2.2464,-2.082
8258,-2.6869,-2.4906
8259,-1.4043,-1.4213
8260,-1.6274,-1.5619
8261,-1.5408,-1.3387
8262,-1.0368,-0.8621
8263,-0.9912,-0.7619
8264,-2.2041,-2.092
8265,-0.8672,-0.7035
8266,-0.831,-0.7446
8267,-1.2,-1.5242
8268,-2.0913,-2.242
8269,-1.4743,-1.5834
8270,-0.5459,-0.6978
8271,-1.8628,-1.7398
8272,-1.999,-2.0359
8273,-1.5386,-1.1274
8274,-2.2511,-1.8604
8275,-1.7855,-1.6805
8276,-1.9375,-2.1905
8277,-1.2882,-1.0726
8278,-1.687,-1.5921
8279,-1.4518,-1.6114
8280,-1.045,-0.7664
8281,-1.6531,-1.6822
8282,-1.3664,-1.9269
8283,-2.2757,-2.4424
8284,-1.923,-1.6555
8285,-1.7167,-1.5355
8286,-2.1301,-2.0292
8287,-1.9375,-1.4967
8288,-0.8983,-0.8413
8289,-0.8229,-0.5439
8290,-2.1673,-2.332
8291,-2.8601,-2.8806
8292,-1.5405,-1.8773
8293,-1.6776,-1.9376
8294,-2.3147,-2.4447
8295,-1.3083,-1.4989
8296,-1.0311,-0.9258
8297,-0.9498,-0.8057
8298,-2.1152,-2.2955
8299,-1.7961,-1.805
8300,-0.5518,-0.6701
8301,-1.4098,-1.2326
8302,-2.4642,-2.098
8303,-2.0644,-1.8159
8304,-1.8743,-1.4758
8305,-1.7219,-1.9399
8306,-1.9668,-2.1682
8307,-1.8062,-1.7751
8308,-1.369,-1.2843
8309,-1.6025,-1.9185
8310,-1.2484,-1.4637
8311,-1.5941,-1.8236
8312,-0.9874,-1.0205
8313,-1.8484,-1.9241
8314,-1.8327,-1.5059
8315,-1.8368,-1.9064
8316,-2.0108,-2.1122
8317,-1.2967,-0.8044
8318,-2.0519,-2.1409
8319,-2.3467,-2.0223
8320,-2.4256,-2.1198
8321,-1.4579,-1.4103
8322,-1.2688,-1.1512
8323,-2.3515,-2.4632
8324,-2.1822,-1.9422
8325,-1.6058,-1.4975
8326,-2.0687,-1.841
8327,-1.2113,-1.071
8328,-1.6266,-1.7962
8329,-1.8245,-1.7525
8330,-1.7141,-1.7927
8331,-2.1437,-2.474
8332,-1.3417,-1.4772
8333,-1.9907,-1.5122
8334,-1.5675,-1.6104
8335,-0.6263,-0.5217
8336,-1.8904,-1.5261
8337,-2.4089,-2.1818
8338,-1.3531,-1.0771
8339,-1.1838,-1.0282
8340,-1.1775,-1.0318
8341,-1.9847,-1.8128
8342,-2.5051,-2.7327
8343,-1.6832,-1.9879
8344,-1.8989,-1.7877
8345,-1.5368,-1.6021
8346,-2.1056,-1.8326
8347,-1.181,-1.5775
8348,-1.3437,-0.895
8349,-1.2475,-0.9206
8350,-2.4246,-2.188
8351,-1.9294,-1.7608
8352,-2.6327,-2.4414
8353,-1.6155,-1.1596
8354,-1.4787,-1.4469
8355,-1.4912,-1.6497
8356,-1.4038,-1.6356
8357,-1.6484,-1.8532
8358,-1.9159,-2.0877
8359,-2.8381,-2.3686
8360,-2.6892,-2.6778
8361,-1.1831,-1.4621
8362,-1.932,-1.8775
8363,-1.6978,-1.5531
8364,-1.3271,-1.0177
8365,-0.8953,-0.9306
8366,-1.5015,-2.2358
8367,-2.6697,-2.4018
8368,-1.5231,-1.3621
8369,-2.0438,-2.2009
8370,-1.5486,-1.7242
8371,-2.1912,-2.7888
8372,-1.7937,-1.8245
8373,-0.8654,-0.89
8374,-1.9679,-1.9358
8375,-2.4805,-2.7204
8376,-1.639,-1.7907
8377,-2.1351,-1.899
8378,-1.1486,-0.8506
8379,-1.368,-1.4778
8380,-1.8897,-1.4543
8381,-0.608,-0.5831
8382,-2.0579,-2.0104
8383,-1.9798,-1.8309
8384,-1.3935,-1.2749
8385,-2.0552,-1.7915
8386,-1.1249,-0.7268
8387,-1.6663,-1.8213
8388,-0.4842,-0.2212
8389,-1.8336,-1.8822
8390,-0.6127,-0.4362
8391,-1.38,-1.5351
8392,-1.0409,-1.4368
8393,-1.0314,-1.0869
8394,-1.3168,-0.9877
8395,-1.9566,-1.6866
8396,-1.2187,-1.5357
8397,-0.4833,0.1217
8398,-1.0607,-1.2025
8399,-1.7966,-1.5218
8400,-0.3519,-0.3517
8401,-1.9112,-2.0136
8402,-1.3207,-1.7006
8403,-0.9767,-0.9551
8404,-1.8989,-2.1748
8405,-0.9996,-0.5907
8406,-1.836,-1.6995
8407,-2.4814,-2.8088
8408,-1.6694,-1.4774
8409,-1.8452,-1.7955
8410,-0.6669,-0.826
8411,-1.7079,-1.7578
8412,-1.2173,-1.38
8413,-1.1666,-0.8622
8414,-2.2833,-2.3374
8415,-0.5623,-0.1544
8416,-0.9404,-1.0048
8417,-2.6381,-2.2786
8418,-1.7467,-1.7527
8419,-1.7903,-1.5363
8420,-1.7562,-1.6328
8421,-1.314,-1.1161
8422,-1.8162,-1.9328
8423,-1.817,-1.4315
8424,-2.4091,-1.9086
8425,-1.8068,-1.912
8426,-1.0931,-0.9582
8427,-1.7762,-1.7894
8428,-1.2641,-1.3964
8429,-1.1981,-1.0542
8430,-2.1975,-2.1416
8431,-1.9639,-1.6088
8432,-1.818,-1.6264
8433,-2.0127,-2.3933
8434,-1.714,-2.0305
8435,-2.08,-1.8812
8436,-0.6933,-0.5805
8437,-1.4738,-1.79
8438,-1.7185,-1.6486
8439,-0.7786,-1.2256
8440,-2.034,-1.7127
8441,-2.0919,-2.0533
8442,-0.9998,-0.6943
8443,-0.9278,-1.1108
8444,-1.7109,-1.8105
8445,-2.3525,-2.4882
8446,-2.0518,-1.9934
8447,-1.9162,-1.8515
8448,-1.245,-0.9786
8449,-1.9547,-2.0464
8450,-1.8777,-1.6639
8451,-0.9246,-1.2097
8452,-1.9929,-1.8934
8453,-1.7843,-1.5761
8454,-1.7603,-1.6422
8455,-1.8594,-2.0525
8456,-2.646,-3.0767
8457,-2.4687,-2.3118
8458,-2.2025,-2.2768
8459,-1.1817,-1.0452
8460,-2.3912,-2.2513
8461,-2.0281,-1.7432
8462,-1.8084,-2.0718
8463,-1.1561,-1.0023
8464,-2.2775,-2.1236
8465,-1.3174,-1.6969
8466,-1.3318,-1.0132
8467,-1.7155,-1.8304
8468,-1.306,-1.5478
8469,-0.9506,-1.0265
8470,-1.5026,-1.4642
8471,-1.4011,-1.7318
8472,-2.6552,-2.5704
8473,-2.2833,-2.0795
8474,-0.236,-0.1037
8475,-1.3161,-1.3354
8476,-1.4057,-1.2844
8477,-1.314,-1.3566
8478,-1.281,-1.3493
8479,-1.5978,-1.2515
8480,-2.7484,-2.7072
8481,-1.6589,-2.0211
8482,-1.9523,-2.197
8483,-1.4288,-1.6999
8484,-1.8908,-1.901
8485,-1.4536,-1.0733
8486,-1.3352,-0.7859
8487,-0.8877,-0.9057
8488,-1.7206,-1.6018
8489,-1.5853,-1.9254
8490,-2.1836,-1.6966
8491,-1.2107,-1.2749
8492,-1.4357,-1.8487
8493,-1.3155,-1.3091
8494,-1.1387,-0.9129
8495,-1.8214,-1.6225
8496,-2.1284,-1.8646
8497,-1.5925,-1.5593
8498,-1.5134,-1.7949
8499,-1.8283,-1.6618
8500,-2.8321,-2.8601
8501,-1.3999,-1.5344
8502,-1.9073,-2.0149
8503,-0.9553,-1.197
8504,-2.0383,-2.1673
8505,-2.0952,-2.4513
8506,-1.7486,-1.812
8507,-2.2752,-2.1503
8508,-1.0965,-1.0674
8509,-2.1291,-2.3269
8510,-2.4037,-1.5155
8511,-1.2724,-1.5167
8512,-0.9702,-0.945
8513,-2.8227,-2.1804
8514,-2.4313,-2.363
8515,-1.6992,-1.7301
8516,-1.0059,-0.737
8517,-1.5157,-1.3579
8518,-2.8245,-2.7681
8519,-1.3479,-1.2278
8520,-1.7088,-1.7076
8521,-1.8128,-1.6882
8522,-1.8269,-1.3361
8523,-1.4826,-1.9498
8524,-1.9316,-2.1295
8525,-1.3761,-1.6245
8526,-0.9571,-1.0165
8527,-2.9862,-2.7761
8528,-0.9059,-1.0269
8529,-2.039,-1.8716
8530,-2.4909,-2.0079
8531,-1.4426,-1.3914
8532,-1.7717,-1.6457
8533,-1.7957,-1.4598
8534,-1.0934,-1.1799
8535,-0.9716,-0.7763
8536,-1.4278,-1.3071
8537,-0.4425,-0.4472
8538,-2.3748,-2.1472
8539,-1.9018,-1.865
8540,-1.5878,-1.4136
8541,-1.624,-1.8663
8542,-1.3245,-1.127
8543,-1.4179,-1.6068
8544,-2.031,-1.762
8545,-1.487,-1.3177
8546,-0.6681,-0.5061
8547,-1.5556,-1.3505
8548,-1.8945,-1.4675
8549,-1.6324,-1.7061
8550,-2.0524,-2.2051
8551,-1.6295,-1.6473
8552,-0.882,-0.963
8553,-1.8096,-2.0179
8554,-1.967,-1.5925
8555,-2.3742,-2.6669
8556,-2.0471,-1.5131
8557,-0.8346,-1.056
8558,-1.3965,-1.3311
8559,-2.5261,-2.6087
8560,-1.7774,-1.8643
8561,-1.4621,-1.4556
8562,-1.4762,-2.0073
8563,-1.8093,-2.1994
8564,-2.104,-2.2533
8565,-1.8595,-1.6015
8566,-1.7826,-1.5204
8567,-1.0754,-1.2594
8568,-1.9677,-1.7811
8569,-2.3562,-2.1309
8570,-1.7505,-1.7559
8571,-1.6374,-1.615
8572,-1.577,-1.8859
8573,-1.4057,-1.3297
8574,-1.3391,-1.3072
8575,-1.5826,-1.6415
8576,-1.4084,-1.1725
8577,-1.1196,-1.0661
8578,-1.3463,-0.995
8579,-1.1885,-1.084
8580,-2.154,-2.0971
8581,-1.4238,-1.4677
8582,-1.9387,-2.1266
8583,-1.7099,-2.3161
8584,-1.8696,-1.8985
8585,-0.9986,-1.3223
8586,-1.1689,-1.0887
8587,-2.1822,-2.2155
8588,-2.0969,-2.1209
8589,-2.0162,-1.9717
8590,-2.4827,-2.4432
8591,-1.4521,-1.5258
8592,-1.774,-1.9164
8593,-1.6648,-1.7068
8594,-2.7261,-2.6418
8595,-2.3671,-2.2811
8596,-1.038,-1.0207
8597,-0.8533,-0.7267
8598,-1.5372,-1.5468
8599,-1.1439,-1.2024
8600,-2.0612,-2.458
8601,-2.016,-2.1449
8602,-2.4423,-2.2926
8603,-1.7219,-1.6615
8604,-1.6612,-1.6837
8605,-1.3021,-1.6187
8606,-1.6637,-1.8903
8607,-1.9958,-1.7823
8608,-1.9935,-1.8606
8609,-1.0196,-1.0847
8610,-1.6055,-1.6214
8611,-0.988,-0.6715
8612,-2.357,-2.3876
8613,-1.8099,-1.7531
8614,-1.8657,-1.9819
8615,-1.2401,-0.8955
8616,-1.6021,-1.9165
8617,-1.975,-1.4975
8618,-1.9081,-1.7427
8619,-1.2546,-1.1818
8620,-1.5846,-1.851
8621,-1.5087,-1.4665
8622,-1.8632,-1.5535
8623,-1.2203,-1.2721
8624,0.0212,-0.0753
8625,-1.7028,-1.5723
8626,-1.6548,-1.4493
8627,-1.0541,-0.9888
8628,-1.9646,-2.5995
8629,-1.946,-2.2001
8630,-1.0688,-1.057
8631,-1.4907,-0.8716
8632,-2.1127,-2.1397
8633,-1.2919,-1.1244
8634,-1.8839,-1.6696
8635,-1.9182,-1.5273
8636,-1.5462,-1.4392
8637,-1.5754,-1.8609
8638,-1.591,-1.435
8639,-2.0937,-1.8157
8640,-1.3995,-1.4147
8641,-1.1988,-1.1225
8642,-0.9347,-1.0321
8643,-0.8118,-0.829
8644,-2.09,-1.9125
8645,-1.8239,-1.9687
8646,-2.2025,-2.3266
8647,-0.9958,-0.8643
8648,-1.189,-1.4089
8649,-2.0449,-1.6801
8650,-1.7125,-1.4774
8651,-1.763,-1.6748
8652,-1.4875,-1.3532
8653,-2.0614,-2.1086
8654,-1.674,-1.6478
8655,-1.8628,-1.7992
8656,-1.9013,-1.7521
8657,-1.0767,-1.1156
8658,-1.8687,-1.5583
8659,-2.3952,-2.5099
8660,-1.3334,-1.6343
8661,-1.1863,-1.0199
8662,-2.2351,-2.0912
8663,-2.1751,-1.868
8664,-1.9135,-1.9542
8665,-1.1648,-1.4716
8666,-1.8443,-2.2892
8667,-0.952,-0.8554
8668,-1.7441,-2.0106
8669,-0.9743,-0.5738
8670,-1.9458,-1.5365
8671,-0.6246,-1.1664
8672,-2.0161,-1.9806
8673,-1.0516,-0.9788
8674,-2.5511,-2.5356
8675,-1.7528,-1.6485
8676,-1.559,-1.8189
8677,-0.5019,-0.5546
8678,-2.2058,-2.0445
8679,-1.5599,-1.9365
8680,-1.4381,-1.3056
8681,-1.6829,-2.408
8682,-1.653,-1.6243
8683,-0.849,-0.9805
8684,-2.6304,-2.0845
8685,-1.5397,-1.5105
8686,-1.563,-1.6473
8687,-2.1171,-2.3153
8688,-1.7662,-1.624
8689,-1.4705,-2.0078
8690,-1.9392,-1.8698
8691,-0.8225,-0.9583
8692,-1.9544,-1.8374
8693,-1.5297,-1.162
8694,-2.0628,-2.0772
8695,-0.5615,-0.4091
8696,-1.9578,-2.0475
8697,-1.1431,-1.2102
8698,-0.9991,-1.1598
8699,-1.7177,-1.8744
8700,-1.2772,-1.7047
8701,-2.1146,-1.8175
8702,-1.3609,-1.2605
8703,-1.476,-1.7161
8704,-0.8247,-1.0283
8705,-2.4078,-2.0892
8706,-1.6176,-1.6442
8707,-1.4375,-1.7772
8708,-1.7086,-1.3947
8709,-1.5165,-1.6578
8710,-1.6129,-1.7591
8711,-1.5783,-1.6047
8712,-1.9232,-2.3328
8713,-1.0957,-1.4233
8714,-1.2046,-1.0239
8715,-1.8209,-2.14
8716,-1.5459,-1.6172
8717,-1.9101,-1.8235
8718,-1.9126,-2.1058
8719,-2.839,-2.6384
8720,-1.2556,-1.0699
8721,-1.7069,-1.6079
8722,-1.2863,-1.3209
8723,-1.0378,-1.1826
8724,-1.0774,-1.0364
8725,-2.2506,-2.2548
8726,-0.9043,-0.9818
8727,-0.7703,-1.0457
8728,-2.228,-2.177
8729,-2.2544,-2.458
8730,-2.163,-2.3817
8731,-1.3097,-1.6437
8732,-0.947,-1.1836
8733,-1.7098,-1.4676
8734,-1.2234,-1.3893
8735,-0.9556,-0.5644
8736,-2.1487,-2.213
8737,-2.1482,-2.1307
8738,-2.7006,-2.4963
8739,-1.5498,-1.5377
8740,-2.9351,-2.7361
8741,-1.0089,-0.8461
8742,-1.6135,-1.4977
8743,-0.8317,-1.1801
8744,-1.8598,-1.9844
8745,-1.3389,-0.9727
8746,-0.7581,-0.8222
8747,-1.7876,-1.7729
8748,-1.349,-1.2616
8749,-0.7822,-0.8243
8750,-0.8072,-0.7882
8751,-1.3388,-1.2716
8752,-2.1555,-2.4635
8753,-1.6414,-2.1312
8754,-1.5146,-1.9372
8755,-1.3002,-1.0374
8756,-1.7106,-1.4781
8757,-1.4496,-1.4891
8758,-1.2338,-1.0661
8759,-0.865,-0.9108
8760,-1.8269,-1.8676
8761,-1.5861,-2.1094
8762,-1.1345,-0.9347
8763,-0.6562,-0.664
8764,-1.3561,-1.2089
8765,-1.7666,-1.5905
8766,-1.6487,-1.676
8767,-2.0849,-1.8654
8768,-1.7195,-1.8803
8769,-1.8479,-2.303
8770,-2.465,-2.359
8771,-1.3759,-1.5005
8772,-1.6608,-1.4632
8773,-2.2035,-2.1148
8774,-1.0393,-1.2843
8775,-1.5473,-1.9193
8776,-1.5186,-1.4129
8777,-1.0485,-0.5325
8778,-1.6695,-1.6182
8779,-1.8891,-1.9174
8780,-2.7074,-2.3194
8781,-1.7071,-2.034
8782,-2.1159,-2.0314
8783,-1.9522,-1.993
8784,-2.2833,-2.2991
8785,-2.036,-1.698
8786,-0.8189,-0.9725
8787,-1.2871,-1.1797
8788,-1.6992,-1.548
8789,-1.8063,-2.0712
8790,-1.9825,-2.2419
8791,-0.5733,-0.472
8792,-1.5293,-1.3725
8793,-1.916,-1.8721
8794,-2.6937,-2.7967
8795,-2.1895,-2.0116
8796,-1.7954,-2.0611
8797,-1.3649,-1.2868
8798,-2.6892,-3.098
8799,-1.5317,-1.7348
8800,-2.6271,-2.2885
8801,-1.5505,-1.2804
8802,-1.7385,-1.3348
8803,-1.1505,-0.961
8804,-1.9579,-2.0279
8805,-1.3684,-1.1036
8806,-1.4587,-1.0943
8807,-2.2496,-2.3668
8808,-1.5115,-1.6867
8809,-2.1062,-2.1393
8810,-1.2298,-1.3112
8811,-2.0867,-1.8393
8812,-2.0248,-2.1607
8813,-2.3962,-2.6425
8814,-1.6882,-1.4214
8815,-1.2063,-1.2187
8816,-2.3131,-2.5479
8817,-2.0032,-1.9619
8818,-1.4877,-1.4316
8819,-1.9651,-1.868
8820,-1.4099,-1.8198
8821,-1.3318,-0.7491
8822,-1.385,-1.3866
8823,-1.4539,-1.3477
8824,-1.6108,-2.041
8825,-1.261,-1.3731
8826,-1.2164,-1.0437
8827,-1.7542,-1.6092
8828,-1.6542,-1.0716
8829,-1.7678,-1.5328
8830,-1.4993,-1.445
8831,-2.1204,-2.4885
8832,-0.6812,-0.4472
8833,-1.1948,-1.2954
8834,-2.2417,-2.5031
8835,-1.1198,-1.4759
8836,-2.3451,-2.8189
8837,-2.6409,-2.5619
8838,-1.0477,-1.1221
8839,-1.2648,-1.4975
8840,-1.1458,-1.0853
8841,-2.0244,-1.7338
8842,-2.2165,-2.3055
8843,-1.2652,-1.1554
8844,-1.6094,-1.5846
8845,-1.6968,-1.8355
8846,-1.5953,-1.796
8847,-1.5475,-0.9182
8848,-1.8972,-2.1269
8849,-0.7544,-1.0662
8850,-1.4423,-1.1472
8851,-2.0786,-2.5203
8852,-1.3897,-1.4393
8853,-1.8131,-1.182
8854,-1.31,-1.7909
8855,-1.7059,-1.6226
8856,-0.9718,-0.6704
8857,-1.7548,-1.8558
8858,-1.7656,-1.6879
8859,-1.7598,-1.4992
8860,-1.9787,-2.2857
8861,-2.2972,-2.2057
8862,-1.1717,-1.3698
8863,-1.8499,-1.5499
8864,-1.8244,-1.8393
8865,-0.2627,-0.3511
8866,-2.643,-2.357
8867,-2.3074,-2.6644
8868,-1.3548,-1.1833
8869,-2.3263,-2.0485
8870,-2.2482,-2.2909
8871,-1.9956,-1.9464
8872,-2.1175,-2.1346
8873,-0.9319,-1.224
8874,-2.0269,-2.2823
8875,-1.3378,-1.181
8876,-2.5128,-2.3159
8877,-1.89,-1.9975
8878,-1.6964,-1.5376
8879,-1.6348,-1.5008
8880,-2.8632,-2.7909
8881,-2.5279,-2.4126
8882,-1.9184,-2.0498
8883,-1.3858,-1.4488
8884,-1.7653,-1.6014
8885,-2.0117,-2.1115
8886,-1.8665,-2.004
8887,-1.7903,-1.4992
8888,-1.9185,-2.1813
8889,-2.2425,-2.4775
8890,-1.5826,-1.2612
8891,-1.9022,-1.7187
8892,-1.6379,-1.731
8893,-1.7541,-1.8456
8894,-1.6459,-1.593
8895,-1.5618,-0.9596
8896,-2.1524,-1.4532
8897,-1.734,-1.5287
8898,-2.1554,-2.1861
8899,-1.2757,-1.3496
8900,-1.3341,-1.0101
8901,-1.8083,-1.7242
8902,-0.6576,-0.5235
8903,-1.8864,-1.9558
8904,-1.5282,-1.406
8905,-1.804,-1.5234
8906,-1.0169,-0.8141
8907,-2.6669,-2.7527
8908,-1.5429,-1.173
8909,-1.8983,-2.1013
8910,-1.1322,-1.1016
8911,-1.3304,-1.0376
8912,-1.3522,-1.3345
8913,-0.7334,-0.6255
8914,-2.6689,-2.7983
8915,-0.9517,-0.7163
8916,-1.5867,-1.6986
8917,-0.8573,-0.9924
8918,-2.3544,-2.1102
8919,-1.2029,-1.413
8920,-3.5515,-3.4785
8921,-3.0767,-2.9713
8922,-1.7051,-1.7837
8923,-1.0399,-1.1421
8924,-1.7388,-1.4414
8925,-1.0688,-1.2178
8926,-1.6334,-1.7212
8927,-1.3234,-1.3753
8928,-1.9552,-2.0799
8929,-1.7014,-1.4834
8930,-1.1669,-1.2791
8931,-2.8391,-3.1341
8932,-1.0283,-1.2576
8933,-1.3439,-1.6737
8934,-1.0204,-0.7959
8935,-1.4412,-1.1901
8936,-1.4099,-1.1415
8937,-1.5068,-1.8036
8938,-0.3005,-0.2951
8939,-2.6291,-2.5882
8940,-1.3916,-1.4305
8941,-1.5108,-1.435
8942,-1.8483,-1.6267
8943,-1.8074,-2.0266
8944,-2.2129,-1.9387
8945,-1.7379,-1.4439
8946,-1.7067,-1.6223
8947,-1.449,-1.0002
8948,-1.6616,-1.2217
8949,-0.344,-0.9754
8950,-1.4997,-1.0318
8951,-1.5708,-1.6928
8952,-1.8542,-1.9252
8953,-1.5463,-1.4592
8954,-1.6202,-1.3782
8955,-2.0053,-2.4564
8956,-1.1597,-0.9695
8957,-1.3526,-1.2266
8958,-1.8035,-1.8488
8959,-1.8533,-1.7356
8960,-1.9418,-2.1407
8961,-1.2927,-1.3556
8962,-2.0949,-2.1504
8963,-2.2668,-2.5474
8964,-0.9639,-0.6646
8965,-0.9947,-0.8138
8966,-2.0363,-2.0241
8967,-1.7605,-1.7478
8968,0.0178,0.0919
8969,-1.5804,-1.5976
8970,-2.5444,-2.1685
8971,-1.3041,-1.2826
8972,-1.24,-1.1869
8973,-1.2202,-1.0105
8974,-2.0436,-2.0716
8975,-1.3994,-1.138
8976,-1.4427,-1.9715
8977,-2.2069,-2.2843
8978,-1.2966,-1.6553
8979,-1.8542,-1.7655
8980,-1.6424,-1.7569
8981,-1.92,-1.8457
8982,-1.5837,-1.5948
8983,-1.7714,-1.3112
8984,-1.1462,-1.3036
8985,-1.3896,-1.4585
8986,-1.8994,-2.2214
8987,-1.6747,-1.7772
8988,-1.3054,-0.985
8989,-1.3063,-1.5048
8990,-1.8315,-1.7943
8991,-1.6463,-1.7728
8992,-1.9088,-1.8776
8993,-1.0032,-1.0419
8994,-2.316,-2.448
8995,-1.2779,-0.9913
8996,-1.1474,-1.0358
8997,-0.6978,-0.3401
8998,-1.6966,-2.0504
8999,-1.5633,-1.6987
9000,-1.8962,-1.5715
9001,-0.8472,-1.0988
9002,-1.3329,-1.4212
9003,-2.4476,-2.3436
9004,-0.7686,-0.8245
9005,-1.66,-1.4195
9006,-1.6858,-1.2565
9007,-1.9356,-1.6656
9008,-1.4286,-1.4913
9009,-0.8083,-0.7757
9010,-1.7624,-1.6892
9011,-1.4535,-1.2226
9012,-1.7554,-1.7126
9013,-1.4181,-1.2877
9014,-1.8889,-1.7953
9015,-1.4523,-1.5788
9016,-1.6117,-1.5809
9017,-1.6752,-1.524
9018,-1.9846,-1.9039
9019,-1.6744,-1.6335
9020,-1.4241,-1.5993
9021,-1.5153,-1.3165
9022,-0.4939,-0.5433
9023,-1.4683,-1.7744
9024,-2.8521,-2.7846
9025,-1.2646,-1.5913
9026,-0.9328,-1.2437
9027,-1.6972,-1.6142
9028,-1.4886,-1.3041
9029,-0.8502,-1.0627
9030,-0.9419,-0.9969
9031,-1.636,-1.6595
9032,-1.7058,-1.3092
9033,-1.2413,-1.3379
9034,-1.1822,-1.3979
9035,-2.0628,-1.8325
9036,-1.2923,-1.7225
9037,-2.031,-2.0712
9038,-2.0541,-1.8972
9039,-1.9016,-2.0059
9040,-2.3786,-2.7968
9041,-1.4619,-1.1381
9042,-2.1921,-1.7669
9043,-2.353,-2.5062
9044,-1.3244,-1.3667
9045,-1.7111,-1.4933
9046,-1.4415,-0.9402
9047,-1.1833,-1.0976
9048,-2.8304,-2.5035
9049,-2.2048,-2.5007
9050,-1.1683,-1.2805
9051,-1.0478,-1.224
9052,-1.7741,-1.7297
9053,-0.5218,-0.2779
9054,-1.6871,-2.2452
9055,-1.4088,-1.2805
9056,-1.9772,-1.7269
9057,-2.0935,-2.0714
9058,-2.4929,-2.5818
9059,-1.066,-1.1196
9060,-1.7775,-1.2541
9061,-1.6086,-1.7969
9062,-1.2423,-1.5854
9063,-2.6233,-2.9803
9064,-1.4632,-1.1759
9065,-1.5911,-1.6982
9066,-1.5132,-1.4353
9067,-1.3916,-1.4065
9068,-1.2055,-1.0981
9069,-2.501,-2.5333
9070,-2.2671,-1.9074
9071,-0.119,-0.0175
9072,-1.8138,-1.5066
9073,-2.509,-2.3849
9074,-2.4346,-2.3079
9075,-2.2961,-1.4715
9076,-1.8226,-1.9526
9077,-2.0605,-2.1016
9078,-2.1253,-2.0937
9079,-1.1276,-1.0842
9080,-1.2576,-0.9784
9081,-1.8499,-1.5949
9082,-1.4775,-1.5376
9083,-1.659,-1.883
9084,-0.6194,-1.1224
9085,-0.6849,-1.2211
9086,-1.465,-1.8704
9087,-2.1798,-2.0935
9088,-1.7945,-1.9357
9089,-1.0006,-1.0587
9090,-0.6128,-0.8046
9091,-1.676,-1.9354
9092,-0.732,-0.5913
9093,-1.5372,-1.7831
9094,-1.5828,-1.4992
9095,-2.003,-2.0653
9096,-0.5106,0.0192
9097,-2.2637,-2.203
9098,-1.7693,-2.0633
9099,-0.8624,-1.0031
9100,-1.4423,-1.7596
9101,-2.0809,-2.0272
9102,-1.4434,-1.4975
9103,-1.3766,-1.6381
9104,-2.1106,-1.8971
9105,-0.6715,-0.7653
9106,-1.9199,-2.0631
9107,-1.4044,-1.8235
9108,-0.7483,-0.7351
9109,-0.582,-0.6256
9110,-2.55,-2.9597
9111,-2.9918,-2.5342
9112,-1.1597,-1.0527
9113,-1.5235,-1.541
9114,-1.7668,-1.4156
9115,-2.6225,-2.5269
9116,-2.2249,-2.0616
9117,-1.7403,-1.7114
9118,-1.5387,-1.3037
9119,-1.3878,-1.6409
9120,-1.7382,-1.8513
9121,-1.7191,-1.4078
9122,-1.4571,-1.594
9123,-0.8151,-0.5848
9124,-1.7285,-1.2571
9125,-1.6174,-1.4931
9126,-1.39,-1.2321
9127,-2.8008,-3.0346
9128,-1.4748,-1.6428
9129,-2.4004,-2.638
9130,-1.8684,-2.1144
9131,-1.1573,-1.0262
9132,-1.6413,-1.5064
9133,-2.3317,-2.3686
9134,-1.8127,-1.619
9135,-1.8041,-2.023
9136,-1.5829,-1.2248
9137,-1.9815,-2.2096
9138,-1.6307,-1.7721
9139,-1.5509,-2.0245
9140,-1.0817,-1.1551
9141,-1.5415,-1.6237
9142,-1.9226,-1.6559
9143,-1.5981,-1.5749
9144,-0.4481,-0.498
9145,-0.807,-0.9755
9146,-2.3125,-2.1799
9147,-0.9535,-1.0001
9148,-2.6571,-2.1387
9149,-2.2899,-2.043
9150,-1.4354,-1.2429
9151,-2.0118,-2.5324
9152,-1.3038,-1.2981
9153,-1.1074,-1.1739
9154,-1.2328,-1.2869
9155,-1.3427,-1.4034
9156,-1.1661,-0.7501
9157,-2.06,-1.9686
9158,-1.3067,-1.3551
9159,-1.4984,-1.3822
9160,-2.3969,-2.0455
9161,-1.5053,-1.7584
9162,-2.1508,-2.1458
9163,-1.7332,-1.7627
9164,-1.3066,-1.1956
9165,-1.8146,-2.3168
9166,-0.654,-0.2057
9167,-1.9277,-2.2027
9168,-1.2311,-1.1513
9169,-1.3757,-0.8454
9170,-1.7953,-1.5094
9171,-1.9253,-1.9565
9172,-1.9337,-1.9903
9173,-2.2395,-2.6178
9174,-1.5801,-1.2443
9175,-1.5248,-1.2553
9176,-0.6911,-0.5407
9177,-2.4749,-2.169
9178,-1.9362,-2.0861
9179,-1.6497,-1.5746
9180,-2.1944,-1.7875
9181,-1.5203,-1.6519
9182,-1.3122,-1.0527
9183,-0.9575,-0.8839
9184,-1.6272,-1.4642
9185,-1.9858,-2.1686
9186,-1.3362,-1.5911
9187,-2.1091,-1.8813
9188,-2.928,-2.8082
9189,-1.5724,-1.7716
9190,-1.509,-1.5844
9191,-0.8325,-0.8112
9192,-1.5268,-1.4802
9193,-1.4704,-1.75
9194,-1.6819,-1.1315
9195,-1.5031,-1.3489
9196,-0.9651,-1.0256
9197,-1.4391,-1.7381
9198,-1.7865,-1.5984
9199,-1.5608,-1.5055
9200,-1.637,-1.7411
9201,-1.5221,-1.7579
9202,-0.9923,-1.013
9203,-0.8167,-0.7918
9204,-2.4011,-2.5142
9205,-2.184,-1.7794
9206,-1.393,-1.4291
9207,-1.3774,-1.0203
9208,-2.2646,-2.5802
9209,-2.0337,-1.829
9210,-1.2724,-0.9847
9211,-2.2766,-2.0407
9212,-1.5978,-1.4811
9213,-1.9366,-2.0656
9214,-1.516,-1.7831
9215,-2.728,-2.6803
9216,-1.6264,-1.3759
9217,-2.6684,-2.9313
9218,-2.2092,-2.1914
9219,-1.7922,-1.7417
9220,-3.098,-3.0681
9221,-1.3144,-1.9369
9222,-1.1072,-1.21
9223,-0.8276,-0.6837
9224,-1.6918,-1.5853
9225,-1.9997,-2.0448
9226,-1.4582,-1.3235
9227,-2.2928,-2.105
9228,-1.4144,-1.488
9229,-2.5524,-2.3286
9230,-1.8524,-1.795
9231,-1.4475,-1.7565
9232,-2.2122,-2.4742
9233,-1.5802,-1.3252
9234,-1.999,-2.1016
9235,-1.9763,-1.9005
9236,-2.2393,-2.3007
9237,-1.3382,-1.2452
9238,-1.3545,-1.1905
9239,-1.9236,-1.7495
9240,-1.391,-1.1238
9241,-1.6033,-1.2993
9242,-1.2098,-1.3777
9243,-1.3256,-1.4744
9244,-0.8846,-1.0268
9245,-2.0141,-1.9472
9246,-1.531,-1.9028
9247,-2.0197,-2.0598
9248,-1.6058,-1.6724
9249,-1.2919,-1.5166
9250,-1.3915,-1.3553
9251,-1.4477,-1.4122
9252,-2.3554,-2.3195
9253,-1.0298,-0.9624
9254,-0.7481,-0.4801
9255,-1.8867,-1.7507
9256,-2.4511,-2.3215
9257,-0.9141,-0.8738
9258,-0.8373,-0.9749
9259,-2.0812,-2.4665
9260,-1.3314,-1.1212
9261,-2.3804,-2.1824
9262,-2.8394,-3.0656
9263,-1.8502,-1.8843
9264,-2.0468,-1.7252
9265,-2.2751,-2.1434
9266,-2.4369,-2.0307
9267,-2.3323,-2.3928
9268,-1.858,-1.8927
9269,-1.9201,-1.7488
9270,-1.5729,-1.8008
9271,-1.6862,-2.0818
9272,-2.0577,-2.0121
9273,-1.5308,-1.595
9274,-1.3931,-1.3068
9275,-1.4315,-1.1835
9276,-1.8574,-2.037
9277,-1.6245,-1.8204
9278,-1.9264,-2.4277
9279,-2.2521,-2.2544
9280,-1.8772,-1.7294
9281,-0.3479,-0.3227
9282,-2.1424,-2.1454
9283,-2.2373,-2.1324
9284,-1.7921,-1.9521
9285,-1.7467,-1.7747
9286,-1.5521,-1.4869
9287,-1.5401,-1.6708
9288,-1.6982,-1.572
9289,-2.5465,-2.4149
9290,-1.2269,-0.7275
9291,-1.7971,-1.4877
9292,-1.7316,-1.8642
9293,-1.6194,-1.2183
9294,-1.6702,-1.9876
9295,-1.1107,-1.009
9296,-2.086,-2.1816
9297,-1.2514,-1.1646
9298,-2.1067,-2.0117
9299,-1.5933,-1.6032
9300,-2.2573,-2.0066
9301,-2.1613,-1.8773
9302,-1.7816,-1.745
9303,-2.1648,-2.3099
9304,-2.4007,-2.3808
9305,-2.0994,-1.9143
9306,-2.2267,-1.8868
9307,-2.6439,-2.3932
9308,-1.7457,-1.5568
9309,-1.4599,-1.7888
9310,-2.2568,-2.6618
9311,-2.1161,-2.0932
9312,-2.1628,-1.6468
9313,-3.6392,-3.3893
9314,-1.8213,-1.8807
9315,-1.4593,-1.3719
9316,-1.8565,-2.0324
9317,-0.3012,-0.539
9318,-1.2273,-1.1829
9319,-1.6869,-1.4904
9320,-1.9419,-2.4992
9321,-1.8153,-1.8857
9322,-1.6608,-1.8975
9323,-1.7403,-1.8723
9324,-1.8052,-2.2941
9325,-0.8127,-0.9047
9326,-1.4267,-1.2785
9327,-2.2643,-2.3448
9328,-1.6537,-1.6979
9329,-1.9963,-2.2052
9330,-2.1548,-2.3721
9331,-2.4768,-1.8818
9332,-1.4549,-1.5581
9333,-1.5513,-1.3962
9334,-1.5873,-1.3484
9335,-1.4834,-1.3394
9336,-1.4897,-0.9996
9337,-0.9511,-0.9755
9338,-1.5538,-1.6116
9339,-0.9562,-1.1011
9340,-2.3465,-1.9008
9341,-1.6874,-1.7834
9342,-1.8311,-2.0778
9343,-2.2196,-1.9158
9344,-1.4144,-1.2194
9345,-1.776,-1.8772
9346,-2.4736,-2.7723
9347,-0.6904,-0.9471
9348,-0.9239,-0.7574
9349,-0.9079,-1.087
9350,-2.0019,-1.8168
9351,-1.3117,-1.2331
9352,-1.0518,-1.5012
9353,-1.175,-1.1937
9354,-1.5982,-1.1284
9355,-1.5356,-1.7274
9356,-0.4582,-0.1636
9357,-2.4381,-2.5076
9358,-1.3591,-0.8852
9359,-1.8293,-1.5263
9360,-2.2061,-1.6093
9361,-2.0759,-1.9275
9362,-2.3556,-2.0214
9363,-2.126,-2.6078
9364,-1.5815,-1.439
9365,-1.5896,-1.6181
9366,-1.4071,-1.5968
9367,-1.0478,-1.0984
9368,-1.6326,-1.8175
9369,-1.0397,-0.9379
9370,-1.0472,-0.9529
9371,-2.2912,-2.2077
9372,-1.5311,-1.5721
9373,-1.1591,-1.2958
9374,-1.5023,-1.4865
9375,-1.5882,-1.7409
9376,-1.6014,-1.4948
9377,-0.771,-0.6725
9378,-1.8904,-1.9515
9379,-1.9661,-2.0346
9380,-1.3042,-1.3303
9381,-1.5961,-1.658
9382,-0.9914,-0.7512
9383,-2.5367,-2.4086
9384,-1.7632,-1.3472
9385,-1.9946,-1.5533
9386,-1.7591,-2.3358
9387,-1.0398,-0.8067
9388,-2.2332,-2.6086
9389,-0.2113,-0.234
9390,-1.2495,-0.8827
9391,-1.4125,-1.3697
9392,-1.917,-1.3432
9393,-1.7542,-1.8135
9394,-2.2333,-2.2544
9395,-1.7235,-1.4661
9396,-1.2567,-1.2648
9397,-1.3142,-1.1326
9398,-1.4885,-1.2274
9399,-1.6071,-1.4515
9400,-1.2604,-0.9975
9401,-1.3307,-1.2454
9402,-1.6113,-1.8272
9403,-1.1386,-0.9268
9404,-1.543,-1.6117
9405,-1.3238,-1.4043
9406,-2.3014,-2.0528
9407,-1.9378,-1.7011
9408,-1.1725,-1.0337
9409,-0.7938,-0.5592
9410,-1.1346,-1.1521
9411,-1.8745,-1.7617
9412,-1.5743,-1.8223
9413,-1.8203,-1.9061
9414,-1.808,-1.9862
9415,-0.9531,-0.886
9416,-1.1258,-1.1437
9417,-2.6323,-1.8708
9418,-1.9005,-1.5824
9419,-0.898,-0.7667
9420,-1.4751,-1.2005
9421,-1.1212,-0.753
9422,-2.4695,-1.7097
9423,-1.4116,-1.4743
9424,-1.9972,-2.1993
9425,-1.9986,-1.8048
9426,-2.1684,-2.0171
9427,-1.769,-1.5913
9428,-1.683,-1.6817
9429,-1.5438,-1.1852
9430,-1.7399,-1.5739
9431,-1.7862,-1.8284
9432,-1.6421,-2.2983
9433,-1.6738,-1.9362
9434,-1.6338,-1.6628
9435,-2.0613,-2.2352
9436,-2.2119,-2.0614
9437,-1.5248,-1.6995
9438,-1.3353,-0.9313
9439,-1.8568,-1.902
9440,-2.3559,-2.3746
9441,-2.0431,-1.9779
9442,-1.8224,-1.4887
9443,-1.675,-1.4522
9444,-2.0452,-2.1585
9445,-1.7479,-1.7835
9446,-1.356,-1.439
9447,-1.5704,-0.8513
9448,-1.0442,-1.206
9449,-0.7024,-0.9451
9450,-1.8383,-1.4708
9451,-1.1804,-0.8293
9452,-2.0452,-2.2039
9453,-2.4008,-2.613
9454,-1.7054,-2.104
9455,-1.1756,-0.742
9456,-2.7328,-2.3597
9457,-2.2988,-2.1053
9458,-2.295,-1.9797
9459,-0.9735,-1.3631
9460,-1.3021,-1.4549
9461,-0.3852,-0.9247
9462,-1.2743,-1.4344
9463,-0.9503,-0.6849
9464,-1.4676,-1.6602
9465,-0.3807,-0.3755
9466,-1.7893,-1.7422
9467,-0.9024,-1.1408
9468,-1.8643,-1.994
9469,-1.1124,-0.742
9470,-2.0104,-1.9812
9471,-2.5563,-2.6313
9472,-2.1336,-1.9298
9473,-2.2946,-2.1133
9474,-1.2585,-1.4237
9475,-1.5916,-1.6529
9476,-1.9496,-2.5182
9477,-1.3285,-1.2847
9478,-2.0883,-1.9645
9479,-2.1541,-2.2677
9480,-1.7046,-1.5819
9481,-2.1132,-2.1775
9482,-1.0628,-1.354
9483,-1.9403,-1.8981
9484,-0.9438,-1.0441
9485,-1.3686,-1.7576
9486,-1.5921,-1.1482
9487,-1.4958,-1.3805
9488,-1.9673,-2.1869
9489,-1.4342,-1.1976
9490,-1.4659,-1.5928
9491,-1.6247,-1.6169
9492,-1.6469,-1.7403
9493,-2.4222,-2.6596
9494,-1.4,-0.9531
9495,-0.6437,-0.7831
9496,-1.1413,-0.9915
9497,-1.8523,-1.9647
9498,-1.7798,-1.3969
9499,-1.064,-0.9871
9500,-1.8238,-1.9729
9501,-1.917,-2.0044
9502,-0.8416,-0.5672
9503,-1.4533,-1.3584
9504,-2.0006,-1.9433
9505,-1.7732,-1.7608
9506,-2.1734,-2.0892
9507,-2.3164,-1.9823
9508,-1.379,-1.6927
9509,-1.7902,-1.8444
9510,-2.5327,-2.2892
9511,-1.8169,-1.9895
9512,-1.6706,-1.6849
9513,-1.8781,-1.7903
9514,-1.337,-1.1923
9515,-1.6486,-1.7744
9516,-1.1217,-1.0546
9517,-2.0049,-1.8694
9518,-1.2764,-1.2067
9519,-2.0518,-2.0948
9520,-1.7705,-1.6018
9521,-1.7633,-1.4304
9522,-0.7103,-0.7252
9523,-1.8113,-1.0016
9524,-0.9599,-0.5326
9525,-1.4083,-1.4061
9526,-2.245,-1.9916
9527,-1.4938,-1.0992
9528,-1.4095,-1.6646
9529,-1.4165,-1.1948
9530,-1.9407,-1.9418
9531,-1.9136,-2.3202
9532,-2.0606,-1.8025
9533,-1.5805,-1.2551
9534,-2.424,-2.136
9535,-1.6943,-2.0065
9536,-0.9245,-1.1533
9537,-1.9776,-2.3296
9538,-2.0705,-2.0295
9539,-1.9665,-2.0873
9540,-1.5882,-1.2242
9541,-1.3714,-1.1157
9542,-1.0965,-1.628
9543,-1.7892,-1.5003
9544,-1.7292,-1.7501
9545,-0.7888,-0.806
9546,-0.7058,-1.0155
9547,-1.1039,-1.1042
9548,-1.7545,-1.7349
9549,-1.6942,-1.6159
9550,-1.3383,-1.5876
9551,-1.0467,-0.7858
9552,-1.9772,-1.8985
9553,-1.2615,-1.4658
9554,-2.643,-2.5281
9555,-1.5118,-1.6304
9556,-1.5916,-1.2575
9557,-1.5826,-1.5816
9558,-1.2149,-0.9275
9559,-1.4017,-1.5531
9560,-2.1786,-2.0817
9561,-1.7522,-1.7048
9562,-1.6257,-1.6002
9563,-1.1733,-1.2291
9564,-2.2314,-2.1539
9565,-2.2167,-2.3332
9566,-1.7825,-1.8769
9567,-1.761,-2.0293
9568,-1.2319,-1.5634
9569,-2.5648,-2.1054
9570,-1.1962,-1.7317
9571,-1.7528,-1.7189
9572,-2.0518,-2.0556
9573,-1.8364,-1.8445
9574,-1.2745,-1.3407
9575,-1.4403,-1.36
9576,-1.1632,-1.4163
9577,-1.0165,-1.1093
9578,-1.5763,-1.2604
9579,-1.8338,-1.9018
9580,-1.5286,-1.6934
9581,-1.7322,-1.8782
9582,-2.2943,-2.3059
9583,-1.4317,-1.4301
9584,-2.5383,-2.202
9585,-1.3106,-1.1553
9586,-1.4584,-1.1916
9587,-1.1896,-1.5731
9588,-2.4073,-2.308
9589,-1.6608,-1.4539
9590,-1.4232,-1.5625
9591,-1.764,-1.6876
9592,-1.4869,-1.2104
9593,-1.8866,-2.0535
9594,-1.2689,-1.0092
9595,-1.2153,-1.1267
9596,-1.4923,-1.0224
9597,-1.5496,-1.3564
9598,-0.5817,-0.7588
9599,-0.4254,-0.8316
9600,-2.1453,-2.1033
9601,-1.5681,-1.9154
9602,-1.4286,-1.4315
9603,-1.0581,-1.3343
9604,-0.3861,-0.4299
9605,-1.2072,-1.2466
9606,-2.1284,-2.1479
9607,-1.7025,-1.6719
9608,-1.5533,-1.6639
9609,-1.2632,-1.4065
9610,-2.6251,-2.8944
9611,-1.6591,-1.3251
9612,-1.4002,-1.1501
9613,-1.6024,-1.2502
9614,-1.7128,-1.7107
9615,-2.3932,-2.9132
9616,-1.3205,-1.012
9617,-1.8222,-1.7812
9618,-0.9567,-1.3894
9619,-1.6074,-1.4578
9620,-2.1345,-2.1104
9621,-1.2219,-1.354
9622,-1.8846,-2.0302
9623,-1.4936,-1.2741
9624,-2.4547,-2.2496
9625,-2.2536,-2.5638
9626,-1.4043,-1.5684
9627,-1.6013,-1.4896
9628,-1.0749,-1.0734
9629,-1.0595,-0.9089
9630,-1.8749,-2.0195
9631,-1.205,-1.3752
9632,-2.5635,-2.2984
9633,-1.5138,-1.6321
9634,-1.7909,-1.7686
9635,-2.2461,-2.4727
9636,-1.4428,-1.427
9637,-1.5738,-1.5561
9638,-1.2586,-1.1433
9639,-1.684,-1.6724
9640,-1.8844,-1.4505
9641,-1.7436,-1.664
9642,-1.5467,-1.8829
9643,-1.3088,-1.3132
9644,-1.3597,-1.1546
9645,-1.7459,-1.5323
9646,-1.5518,-1.6963
9647,-0.7425,-0.819
9648,-1.2102,-0.9305
9649,-1.4961,-1.6328
9650,-2.0931,-1.7996
9651,-0.8909,-0.8354
9652,-0.8271,-0.8105
9653,-1.7746,-1.8178
9654,-2.7255,-2.8483
9655,-1.4432,-1.4785
9656,-2.1676,-1.7671
9657,-1.7927,-1.6652
9658,-1.1252,-1.0964
9659,-1.4978,-1.7879
9660,-0.9721,-1.0002
9661,-1.798,-1.8216
9662,-2.1097,-1.8323
9663,-1.346,-1.1267
9664,-1.2517,-1.0575
9665,-1.8122,-1.4488
9666,-1.3051,-1.2071
9667,-0.7557,-1.1658
9668,-2.2791,-2.1595
9669,-1.6441,-1.8136
9670,-2.1947,-2.2877
9671,-1.7808,-1.6108
9672,-0.6553,-1.0343
9673,-2.037,-2.2772
9674,-0.8748,-1.0527
9675,-1.7302,-1.5191
9676,-1.0379,-1.2521
9677,-1.3676,-1.7244
9678,-2.371,-2.0961
9679,-2.1137,-1.7716
9680,-0.4697,-0.2856
9681,-1.3453,-1.1044
9682,-1.4646,-1.4065
9683,-1.0293,-0.9736
9684,-2.0872,-1.7623
9685,-1.7486,-1.6862
9686,-1.6239,-1.4212
9687,-1.044,-0.982
9688,-1.7367,-1.2238
9689,-2.5748,-2.3706
9690,-0.7359,-0.4375
9691,-1.5789,-1.2938
9692,-1.7974,-1.723
9693,-1.8107,-2.192
9694,-1.952,-1.928
9695,-2.3651,-2.9311
9696,-1.0198,-0.5841
9697,-1.18,-1.4654
9698,-1.2186,-1.1333
9699,-1.1224,-0.5726
9700,0.0034,-0.3867
9701,-1.3376,-1.4958
9702,-1.5573,-1.3768
9703,-2.7291,-2.3661
9704,-1.561,-1.8871
9705,-0.9648,-0.7314
9706,-1.7322,-1.7137
9707,-2.8252,-2.987
9708,-1.6214,-1.565
9709,-2.7407,-3.1072
9710,-1.6465,-1.5064
9711,-1.5137,-1.4579
9712,-1.8832,-1.9821
9713,-1.4371,-1.4504
9714,-1.1203,-1.0103
9715,-2.5796,-2.8476
9716,-1.5226,-1.6259
9717,-0.9353,-0.5367
9718,-1.6501,-1.9773
9719,-1.4029,-1.0919
9720,-1.3644,-1.2659
9721,-1.0662,-1.2642
9722,-1.1723,-1.0482
9723,-1.1976,-0.9571
9724,-1.9119,-2.0477
9725,-1.4629,-1.2732
9726,-1.4605,-1.3345
9727,-2.0798,-1.9256
9728,-1.9973,-1.6678
9729,-2.1097,-1.9556
9730,-1.3979,-1.356
9731,-1.5737,-1.626
9732,-0.2941,-0.2013
9733,-2.0942,-1.9022
9734,-1.9504,-1.7472
9735,-1.6813,-1.2144
9736,-1.8139,-2.0268
9737,-2.5694,-2.3176
9738,-0.9188,-0.9233
9739,-2.4992,-2.4078
9740,-1.7598,-1.1574
9741,-1.6088,-1.7907
9742,-1.0922,-1.2002
9743,-1.7738,-2.2081
9744,-1.8081,-1.5659
9745,-1.9246,-2.1196
9746,-1.7985,-1.5257
9747,-2.3415,-1.7801
9748,-1.8634,-2.1217
9749,-2.138,-2.2424
9750,-1.5172,-1.7985
9751,-2.4047,-2.2367
9752,-2.016,-1.9029
9753,-1.7756,-1.8619
9754,-1.0485,-0.6233
9755,-1.3671,-1.2051
9756,-1.5087,-1.4593
9757,-0.7741,-0.8256
9758,-2.4095,-1.763
9759,-1.1521,-1.2555
9760,-1.7541,-1.6798
9761,-2.739,-2.7434
9762,-1.6297,-1.6588
9763,-2.1622,-2.0852
9764,-2.1052,-2.1543
9765,-1.6655,-1.5978
9766,-1.7499,-1.8148
9767,-1.1331,-1.2091
9768,-0.7982,-0.8778
9769,-1.1028,-1.3387
9770,-1.3585,-0.9197
9771,-1.3858,-1.267
9772,-1.7621,-1.614
9773,-1.6452,-1.743
9774,-2.2303,-2.2594
9775,-1.7676,-1.9413
9776,-1.5289,-1.4446
9777,-2.0762,-2.1384
9778,-1.0797,-1.068
9779,-1.7279,-1.9382
9780,-1.8452,-1.9353
9781,-1.2086,-1.6523
9782,-1.3919,-1.3072
9783,-1.6837,-1.2914
9784,-1.7199,-1.8949
9785,-0.896,-0.6797
9786,-0.8651,-0.8967
9787,-1.9616,-1.7376
9788,-1.7499,-2.0171
9789,-1.9658,-2.222
9790,-2.1427,-1.7784
9791,-1.9956,-1.768
9792,-1.4778,-1.4451
9793,-1.3864,-1.3156
9794,-2.5737,-2.5272
9795,-2.4615,-2.5811
9796,-1.6341,-1.5277
9797,-1.245,-1.6498
9798,-2.7735,-2.8274
9799,-1.6088,-1.7544
9800,-1.5348,-1.7839
9801,-1.4832,-1.664
9802,-1.6784,-1.7797
9803,-0.7448,-0.9996
9804,-1.4008,-1.4268
9805,-2.0513,-1.8935
9806,-0.8541,-1.0655
9807,-0.8761,-0.5267
9808,-1.4679,-1.5376
9809,-1.1848,-0.9573
9810,-2.2668,-2.0253
9811,-1.5934,-1.8129
9812,-1.8921,-2.0335
9813,-1.3341,-1.2414
9814,-2.4363,-2.4797
9815,-0.833,-0.6518
9816,-0.1718,0.1007
9817,-1.5843,-1.6995
9818,-1.5272,-1.645
9819,-1.9719,-2.2224
9820,-1.7652,-1.7115
9821,-1.7496,-1.4512
9822,-1.6068,-1.1476
9823,-1.1057,-0.8675
9824,-2.2376,-2.4403
9825,-1.6708,-1.4262
9826,-0.8125,-1.2093
9827,-1.1274,-1.0033
9828,-1.3491,-1.3776
9829,-1.8797,-2.3288
9830,-1.6857,-1.5327
9831,-1.5803,-1.166
9832,-2.3001,-2.4803
9833,-1.4674,-1.4437
9834,-1.7515,-2.0338
9835,-1.6158,-1.6086
9836,-1.642,-1.1807
9837,-1.3565,-1.4505
9838,-1.7635,-1.5804
9839,-1.7552,-1.3519
9840,-1.1238,-1.3658
9841,-1.4043,-1.4876
9842,-1.671,-2.1346
9843,-1.5115,-1.4535
9844,-1.5614,-1.3731
9845,-2.0068,-1.7583
9846,-1.9839,-1.9458
9847,-1.2144,-1.2734
9848,-1.7797,-1.3309
9849,-1.0905,-1.0328
9850,-1.2253,-0.9562
9851,-1.6488,-1.5805
9852,-1.8187,-1.7943
9853,-1.6799,-1.4302
9854,-2.606,-2.4092
9855,-1.9927,-2.019
9856,-1.7118,-1.7652
9857,-1.6818,-1.8968
9858,-0.9005,-1.0776
9859,-2.5579,-2.3374
9860,-1.2736,-1.3425
9861,-1.4026,-1.3825
9862,-1.8297,-1.8508
9863,-0.548,-0.5944
9864,-1.95,-1.6788
9865,-1.2075,-1.2807
9866,-2.32,-2.5098
9867,-1.2163,-1.2324
9868,-1.5915,-1.22
9869,-1.0339,-0.7221
9870,-1.2463,-1.2727
9871,-1.5926,-1.3254
9872,-1.8981,-1.8734
9873,-0.6604,-1.0404
9874,-1.8849,-1.6613
9875,-1.0974,-1.4613
9876,-1.8632,-1.8268
9877,-2.1763,-2.0465
9878,-1.8481,-1.704
9879,-1.9275,-1.7686
9880,-2.2076,-2.1149
9881,-1.376,-1.2667
9882,-2.091,-1.7149
9883,-1.2145,-0.9289
9884,-1.2233,-1.105
9885,-1.8872,-1.3661
9886,-2.1489,-2.4289
9887,-2.2106,-1.9345
9888,-1.912,-1.644
9889,-1.0692,-1.4772
9890,-1.7466,-1.8929
9891,-1.2148,-1.1187
9892,-1.3654,-1.2139
9893,-1.4862,-1.1862
9894,-1.9325,-1.8107
9895,-2.3028,-2.1105
9896,-1.5557,-1.3549
9897,-1.484,-1.2563
9898,-1.5987,-1.7597
9899,-2.4271,-2.4284
9900,-1.7141,-1.6815
9901,-1.6007,-1.4157
9902,-1.4998,-1.5967
9903,-1.103,-1.4378
9904,-1.4171,-1.4666
9905,-1.5616,-1.2564
9906,-2.2256,-2.5699
9907,-2.4288,-2.7881
9908,-1.4363,-1.625
9909,-1.8475,-1.7423
9910,-1.539,-1.4691
9911,-0.9321,-0.5865
9912,-1.9171,-1.9384
9913,-0.8866,-0.8919
9914,-2.6881,-2.6999
9915,-1.274,-1.376
9916,-1.1529,-0.9888
9917,-1.7871,-1.5711
9918,-1.4703,-1.5859
9919,-1.4606,-1.3161
9920,-1.6827,-1.8548
9921,-1.4004,-1.5721
9922,-1.867,-2.2363
9923,-1.0021,-0.6623
9924,-2.0899,-1.9499
9925,-1.384,-1.4601
9926,-1.197,-0.9207
9927,-1.502,-1.3197
9928,-2.0848,-1.7632
9929,-1.3628,-1.3826
9930,-2.309,-2.5305
9931,-1.8742,-1.8457
9932,-1.6338,-1.8023
9933,-1.2243,-1.5871
9934,-2.1473,-1.9219
9935,-1.1441,-1.5377
9936,-1.9523,-1.7671
9937,-2.1746,-2.2663
9938,-2.051,-2.046
9939,-1.4998,-1.6137
9940,-2.1039,-2.502
9941,-1.5979,-1.016
9942,-2.0858,-1.7656
9943,-1.3934,-1.821
9944,-1.2808,-1.2132
9945,-1.7663,-1.898
9946,-1.7084,-1.4188
9947,-1.2793,-0.9477
9948,-1.8991,-1.9332
9949,-0.9873,-1.4
9950,-1.3363,-1.1752
9951,-2.6562,-2.754
9952,-1.5351,-1.6072
9953,-1.855,-1.8201
9954,-0.6538,-0.6524
9955,-1.1607,-1.0106
9956,-1.306,-1.544
9957,-1.9608,-1.7832
9958,-1.4655,-1.3692
9959,-1.4209,-1.6951
9960,-2.4987,-2.624
9961,-1.4948,-1.3263
9962,-1.4905,-1.5119
9963,-2.0277,-2.1622
9964,-1.5305,-1.2644
9965,-1.7637,-2.1463
9966,-1.8437,-1.8892
9967,-2.1832,-1.8848
9968,-1.5588,-1.4629
9969,-1.6078,-1.28
9970,-1.7665,-1.7255
9971,-1.2811,-1.3539
9972,-2.2782,-2.2488
9973,-0.9235,-0.8218
9974,-2.0323,-1.9728
9975,-2.4514,-2.5922
9976,-0.6583,-0.7409
9977,-0.7123,-0.8044
9978,-1.8643,-1.8158
9979,-2.0801,-1.6389
9980,-0.7965,-0.4996
9981,-0.9968,-0.949
9982,-1.5255,-1.3611
9983,-1.295,-1.6797
9984,-1.1052,-1.0319
9985,-1.9779,-1.936
9986,-1.2468,-1.2704
9987,-0.5897,-0.8671
9988,-0.7198,-0.5955
9989,-0.8964,-1.0203
9990,-2.4575,-2.3418
9991,-2.0772,-1.7902
9992,-1.7333,-1.3174
9993,-1.3721,-1.2886
9994,-1.6635,-1.7666
9995,-1.8734,-2.0272
9996,-1.7891,-1.7888
9997,-1.271,-1.1953
9998,-1.9713,-1.9221
9999,-1.6748,-2.0927
10000,-2.3444,-2.1157
